{
    "Product is available to deliver at":"المنتج متاح للتسليم على",
    "Product is not available to deliver at":"المنتج غير متوفر للتسليم على",
    
    "OTP is sent again on":"يتم إرسال OTP مرة أخرى على",
    "Verification Code":"شيفرة التأكيد",
    "Please type verification code sent to":"الرجاء كتابة رمز التحقق الذي تم إرساله إلى",
    "Validate OTP":"التحقق من صحة OTP",
    "Resend OTP":"إعادة إرسال OTP",
    
    "Wishlist":"الأماني",
    "This Combination doesn't exist. Choose another variant.":"هذا الجمع غير موجود. اختيار متغير آخر.",
    "No product Available":"لا يوجد منتج متاح",
    "Simply browse and add item to wishList":"ببساطة تصفح وإضافة عنصر إلى قائمة الرغبات",
    "E-Commerce App":"تطبيق التجارة الإلكترونية",
    "E-Commerce Application template, buy this code template from Codecanyon":"قالب تطبيق التجارة الإلكترونية ، قم بشراء قالب الرمز هذا من برنامج Codecanyon",
    "Choose Items":"اختيار العناصر",
    "Choose item wherever you are with this application to make life easier":"اختر العنصر أينما كنت مع هذا التطبيق لجعل الحياة أسهل",
    "Buy Item":"شراء البند",
    "Shop from thousand brands in the world from one application at throw away price":"تسوق من آلاف العلامات التجارية في العالم من تطبيق واحد بسعر رخيص",
    "Skip":"تخطى",
    "Next":"التالى",
    "Got it":"فهمتك",
    
    "My Points":"نقاطي​",
    "CHECKOUT":"الدفع",
    "Personal Info":"معلومات شخصية",
    "Address Detail":"تفاصيل العنوان",
    "Your Order":"طلبك",
    "Payment Via":"دفع عن طريق",
    
    "Address":"عنوان",
    "Postcode/ZIP":"الرمز البريدي / الرمز البريدي",
    "Place Order":"مكان الامر",
    "Choose Country":"اختر الدولة",
    "Choose State":"اختر الدولة",
    "Ship to a different address?":"السفينة الى عنوان مختلف؟",
    "Search for Country":"البحث عن البلد",
    
    "Please Enter First Name":"من فضلك أدخل الاسم الأول",
    "Please Enter Last Name":"من فضلك أدخل اسم العائلة",
    "Please Enter Email":"يرجى إدخال البريد الإلكتروني",
    "Please Enter Valid Email":"الرجاء إدخال بريد إلكتروني صحيح",
    "Please Enter PhoneNo":"يرجى إدخال PhoneNo",
    "Please Enter Valid Number":"يرجى إدخال رقم صحيح",
    "Please Select Country First":"يرجى اختيار الدولة أولا",
    "Please Select Country":"الرجاء اختيار الدولة",
    "Please Enter Address":"يرجى إدخال العنوان",
    "Please Enter City":"من فضلك أدخل المدينة",
    "Please Enter State":"من فضلك أدخل الدولة",
    "Please Enter PostalCode":"يرجى إدخال الرمز البريدي",
    "Please Enter Valid PostalCode":"الرجاء إدخال الرمز البريدي صالح",
    "Please Select First Country In Different Address":"يرجى اختيار الدولة الأولى في عنوان مختلف",
    "Please Select Country In Different Address":"يرجى اختيار الدولة في عنوان مختلف",
    "Please Enter Address In Different Address":"يرجى إدخال العنوان في عنوان مختلف",
    "Please Enter City In Different Address":"الرجاء إدخال مدينة في عنوان مختلف",
    "Please Enter State In Different Address":"يرجى إدخال الدولة في عنوان مختلف",
    "Please Enter PostalCode":"يرجى إدخال الرمز البريدي",
    "Please Enter Valid PostalCode":"الرجاء إدخال الرمز البريدي صالح",
    
    "Invalid Contact Number":"رقم اتصال غير صالح",
    "Search List is empty":"قائمة البحث فارغة",
    "Browse our store and take a look at other items to buy.":"تصفح متجرنا وإلقاء نظرة على بنود أخرى للشراء.",

    "Choose Language":"اختر اللغة",
    "No Order yet":"لا يوجد ترتيب حتى الآن",
    "Info:":"معلومات:",
    "WhatsApp is not installed on your device.":"لم يتم تثبيت WhatsApp على جهازك.",
    "Type your message.":"اكتب رسالتك.",
    
    "ALL REVIEWS":"جميع الاستعراضات",
    "Related Product":"المنتجات ذات الصلة",
    "Selected Product":"المنتج المختار",
    "Recently Added Product":"المنتج المضاف مؤخرا",

    "Only":"فقط",
    "quantity is available.":"الكمية متاحة.",
    
    "On":"على",
    "Order Id":"رقم التعريف الخاص بالطلب",
    
    "was placed on":"وضعت على",
    "and is currently":"وحاليا",
    
    "© CiyaShop 2018 | All Rights Reserved":"© CiyaShop 2019 | كل الحقوق محفوظة.",
    "Camera":"الة تصوير",
    "Gallery":"صالة عرض",
    "Coupon Code is Copied to your Clipboard":"يتم نسخ رمز القسيمة إلى الحافظة الخاصة بك",
    "Item Added to your Wish List.":"تم إضافة العنصر إلى قائمة الامنيات الخاصة بك.",
    "Item Removed From your Wish List.":"تمت إزالة العنصر من قائمة الأمنيات.",
    "Item isnot Removed From your Wish List.":"لم يتم إزالة العنصر من قائمة الامنيات الخاصة بك.",
    "No Notification yet":"لا الإخطار حتى الآن",
    "Simply browse , create a wish list or make a purchase.":"ببساطة تصفح ، إنشاء قائمة أمنيات أو إجراء عملية شراء.",
    "GOOGLE+":"GOOGLE+",
    "FACEBOOK":"فيس بوك",

    
    "Tracking number is":"رقم التتبع هو",
    "Choose Currency":"اختر العملة",
    "Setting":"ضبط",
    "Permission for Notification denied. Please Allow from Settings.":"تم رفض الإذن للإشعار. يرجى السماح من الإعدادات.",
    "Or sign up with":"أو اشترك مع",
    "Your review is awaiting approval":"مراجعتك في انتظار الموافقة",
    "Add Star Rating":"أضف تصنيف النجوم",
    "Enter Comment":"أدخل تعليق",
    "Enter Name":"أدخل الاسم",
    "Comment":"تعليق",
    "SUBMIT":"خضع",
    "Review":"إعادة النظر",
    "Rate Product":"معدل المنتج",
    "Coupon Code":"كود القسيمة",
    "Scratch here to get coupon Code.":"خدش هنا للحصول على رمز القسيمة.",
    "No Product Found":"لم يتم العثور على منتج",
    "Seller Information:":"معلومات البائع:",
    "Sold By":"تم بيعها من قبل",
    "Contact Seller":"تواصل مع البائع",
    "View Store":"عرض المتجر",
    "Other Products from this Vendor":"منتجات أخرى من هذا البائع",
    "Reviews for this Vendor":"مراجعات لهذا المورد",

    "Reviews are not allowed for this Product":"لا يسمح بالمراجعات لهذا المنتج",
    "Please Enter Username":"الرجاء إدخال اسم المستخدم",
    "Enter Email address":"أدخل عنوان البريد الالكتروني",
    "Enter Proper Email Address":"أدخل عنوان البريد الإلكتروني المناسب",
    "Enter Your Contact Number":"أدخل رقم الاتصال",
    "Enter Password":"أدخل كلمة المرور",
    "Enter Confirm Password":"أدخل تأكيد كلمة المرور",
    "Password and Confirm Password Does not match":"كلمة المرور وتأكيد كلمة المرور غير متطابقة",
    "Your Password Updated Successfully":"تم تحديث كلمة المرور بنجاح",
    "Your Email address or password is not correct":"عنوان البريد الإلكتروني أو كلمة المرور غير صحيح",
    "Enter Pin that we have sent you in your Registered Email Address":"أدخل رقم التعريف الشخصي الذي أرسلناه إليك في عنوان البريد الإلكتروني المسجل",
    "Entered PIN is not Correct":"رقم التعريف الشخصي الذي تم إدخاله غير صحيح",
    "Enter your New Password":"أدخل كلمة المرور الجديدة",
    "Enter New Password to Confirm":"أدخل كلمة مرور جديدة للتأكيد",
    "Provide Email Id to your Facebook account":"تقديم معرف البريد الإلكتروني إلى حساب الفيسبوك الخاص بك",
    "Provide Email Id to your Google account":"قدم معرف البريد الإلكتروني إلى حسابك في غوغل",
    "We do not found your Email Id":"لم نعثر على معرف البريد الإلكتروني",
    "Your Account is deactivated successfully":"تم إلغاء تنشيط الحساب بنجاح",
    "Message Sent":"تم الارسال",
    "Enter your name":"أدخل أسمك",
    "Enter Subject":"أدخل الموضوع",
    "Please Enter Message":"الرجاء إدخال رسالة",
    "Password Changed Successfully":"تم تغيير الرقم السري بنجاح",
    "Enter Valid Email Address":"أدخل عنوان بريد إلكتروني صالح",
    "Enter your Current Password":"أدخل كلمة المرور الحالية",
    "Please check internet connection and try again":"يرجى التحقق من الاتصال بالإنترنت والمحاولة مرة أخرى",
    "Address Updated Successfully":"تم تحديث العنوان بنجاح",
    "Login first to set your profile picture":"سجل الدخول أولا لتعيين صورة ملفك الشخصي",
    "Information Updated Successfully":"تم تحديث المعلومات بنجاح",
    "Something Went Wrong":"هناك خطأ ما",
    "Item Added to Your Cart Successfully":"تمت إضافة العنصر لسلة التسوق بنجاح",
    "Please Go to Cart for Checkout":"الرجاء الانتقال إلى سلة المشتريات للخروج",
    "Clear Filter":"مرشح واضح",
    "THANK YOU":"شكرا",
    "Your Order is Placed Successfully.":"تم وضع طلبك بنجاح.",
    "You will notify in few Moments.":"سوف يخطر في لحظات قليلة.",
    "6 Reasons Why You'll love Shopping with us":"6 أسباب لماذا عليك الحب التسوق معنا",
    "Version":"الإصدار",
    "More about us":"المزيد عنا",
    "Follow Us":"تابعنا",
    "SEND":"إرسال",
    "Subject":"موضوع",
    "Message":"رسالة",
    "items":"العناصر",
    "SET NEW PASSWORD":"تعيين كلمة مرور جديدة",
    "Confirm New Password":"تأكيد كلمة المرور الجديدة",
    "Now you can Enter new password.":"الآن يمكنك إدخال كلمة مرور جديدة.",
    "Enter PIN":"أدخل رقم التعريف الشخصي",
    "Enter PIN that we have sent you in your registered Email address.":"أدخل رقم التعريف الشخصي الذي أرسلناه إليك في عنوان البريد الإلكتروني المسجل.",
    "Login":"تسجيل الدخول",
    "No Any Product Available":"لا يوجد أي منتج متاح",
    "Browse some Other Item":"تصفح بعض العناصر الأخرى",
    "Cart is Empty":"البطاقه خاليه",
    "Simply browse and add item to cart.":"ببساطة تصفح وإضافة عنصر إلى العربة.",
    "ADD BILLING ADDRESS":"أد أدرس بيلينغ أدرس",
    "ADD SHIPPING ADDRESS":"أد الشحن عنوان",
    "ADD":"أضف",
    "Please Add Address":"يرجى إضافة عنوان",
    "SAVED ADDRESSES":"العناوين المحفوظة",
    "CANCEL ORDER":"الغاء الطلب",
    "Order":"طلب",
    "Order Detail":"تفاصيل الأمر",
    "Product":"المنتج",
    "Total":"مجموع",
    "Subtotal":"حاصل الجمع",
    "Shipping":"الشحن",
    "Payment Method":"طريقة الدفع او السداد",
    "Customer Detail":"تفاصيل العملاء",
    "Email":"البريد الإلكتروني",
    "Phone":"هاتف",
    "Billing Address":"عنوان وصول الفواتير",
    "Shipping Address":"عنوان الشحن",
    "Terms of Use":"تعليمات الاستخدام",
    "Terms & Conditions":"البنود و الظروف",
    "Privacy Policy":"سياسة الخصوصية",
    "Contact Us":"اتصل بنا",
    "About Us":"معلومات عنا",
    "Company":"شركة",
    "Address1":"العنوان 1",
    "Address2":"العنوان 2",
    "Country":"بلد",
    "Search":"بحث",
    "Rating":"تقييم",
    "RECENTLY VIEWED PRODUCTS":"المنتجات المعروضة مؤخرا",
    "Order is Failed":"فشل الطلب",
    "You are refunded for this order":"يتم رد أموالك لهذا الطلب",
    "Order is Cancelled":"تم إلغاء الطلب",
    "Order is On-Hold":"الطلب قيد الانتظار",
    "Order is Under Processing":"الطلب قيد المعالجة",
    "Order is in Pending State":"الطلب في حالة معلقة",
    "Delivered Soon":"تم تسليمها قريبا",
    "DESCRIPTION":"وصف",
    "Out of Stock":"إنتهى من المخزن",
    "SOFA":"كنبة",
    "BED":"السرير",
    "CHAIR":"كرسي",
    "DINING":"تعشي",
    "Sofa":"كنبة",
    "Chair":"كرسي",
    "Bed":"السرير",
    "Offers":"عروض",
    "Gift & Cards":"بطاقات الهدايا",
    "Electronics":"إلكترونيات",
    "Home and Furniture":"المنزل والأثاث",
    "Offers for You":"عروض لك",
    "Fashion":"موضه",
    "Gift for love":"هدية للحب",
    "TVs & Appliances":"تلفزيونات وأجهزة",
    "Books & More":"كتب وأكثر",
    "Stores":"مخازن",
    "Mobile":"التليفون المحمول",
    "Television":"التلفاز",
    "Audio & Video":"الصوت والفيديو",
    "Laptops":"أجهزة الكمبيوتر المحمولة",
    "Desktop PCs":"أجهزة الكمبيوتر المكتبية",
    "Tablets":"أجهزة لوحية",
    "Go":"اذهب",
    "Hot offer":"عرض ساخن",
    "My Cart":"سلة التسوق",
    "Home":"الصفحة الرئيسية",
    "Account":"الحساب",
    "Wish List":"الأماني",
    "Welcome":"أهلا بك",
    "SIGN IN":"تسجيل الدخول",
    "SIGN UP":"سجل",
    "Shop Unlimited":"تسوق غير محدود",
    "Sign up now and get upto 15 % discount on all of our products. Offer is valid for a very sort time.":"اشترك الآن واحصل على خصم 15٪ على جميع منتجاتنا. يسري العرض لفترة زمنية كبيرة.",
    "Username":"اسم المستخدم",
    "E-mail":"البريد الإلكتروني",
    "Contact Number":"رقم الاتصال",
    "Password":"كلمه السر",
    "Confirm Password":"تأكيد كلمة المرور",
    "Already have an account?":"هل لديك حساب بالفعل؟",
    "Sign In Now":"قم بتسجيل دخولك الآن",
    "Sign Up Now":"أفتح حساب الأن",
    "SIGN UP WITH FACEBOOK":"اشترك عبر حساب فايسبوك",
    "SIGN UP WITH GOOGLE+":"اشترك مع غوغل +",
    "SIGN UP WITH EMAIL":"سجل عن طريق البريد الإلكتروني",
    "Welcome Back":"مرحبا بعودتك",
    "All new collection of cloths for men's, women's and kid's. Explore now!":"كل مجموعة جديدة من الملابس للرجال، المرأة والطفل. استكشاف الآن!",
    "Username or Email ID":"اسم المستخدم أو معرف البريد الإلكتروني",
    "Forgot Password?":"هل نسيت كلمة المرور؟",
    "New User? Register Now":"مستخدم جديد؟ سجل الان",
    "OR":"أو",
    "Reset your world":"اعد ضبط كلمه السر",
    "It's often forgotten that password thing. Enter your email address below and click on the 'Request Password Reset' button. We will contact you shortly!":"غالبًا ما يتم نسيان كلمة المرور هذه. أدخل عنوان بريدك الإلكتروني أدناه وانقر على زر إعادة تعيين كلمة المرور. سوف نتصل بك قريبا!",
    "Email ID":"عنوان الايميل",
    "REQUEST PASSWORD RESET":"اعادة تعيين كلمة المرور طلب",
    "Search for products":"البحث عن المنتجات",
    "OFFER BY CATEGORIES":"عرض حسب الفئات",
    "View All":"عرض الكل",
    "SHOP WOMEN":"تسوق المرأة",
    "SHOP MEN":"شوب الرجال",
    "SHOP KID'S":"متجر كيد",
    "SHOP APPLE'S":"متجر أبل",
    "WOMEN'S":"للنساء",
    "MEN'S":"مِلك الرجال",
    "KID’S":"أطفال",
    "APPLE'S":"تفاح",
    "Boots":"الأحذية",
    "Formals":"الثياب",
    "Sports":"رياضات",
    "Sneakers":"أحذية رياضية",
    "Sandles":"ساندليس",
    "More..":"أكثر من..",
    "CART":"عربة التسوق",
    "Payments:":"المدفوعات:",
    "Price Details:":"تفاصيل السعر:",
    "Price":"السعر",
    "Delivery":"توصيل",
    "Amount Payable":"المبلغ المستحق",
    "View price details":"عرض تفاصيل السعر",
    "CONTINUE":"استمر",
    "Phone Number":"رقم الهاتف",
    "Address":"عنوان",
    "CHANGE ADDRESS":"تغيير العنوان",
    "Credit / Debit / ATM Card":"بطاقة الائتمان / الخصم / الصراف الآلي",
    "Net Banking":"صافي المصرفية",
    "Cash On Delivery":"الدفع عن الاستلام",
    "EMI (Easy Installment)":"إيمي (سهولة التقسيط)",
    "Gift Card":"كرت هدية",
    "ACCOUNT":"الحساب",
    "Sign Out":"خروج",
    "Do you really want to sign out from your Account?":"هل تريد حقا الخروج من حسابك؟",
    "Cancel":"إلغاء",
    "Sure":"بالتأكيد",
    "Clear History":"تاريخ واضح",
    "This permanently deletes your browse, search history from this device.":"يؤدي هذا إلى حذف سجل التصفح والبحث من هذا الجهاز بشكل دائم.",
    "Clear":"واضح",
    "My Orders":"طلباتي",
    "My Wallet":"محفظتى",
    "My Addresses":"عناويني",
    "My Coupons":"قسيمي",
    "Rate the App":"قيم التطبيق",
    "Account settings":"إعدادت الحساب",
    "WISH LIST":"الأماني",
    "Wish list is Empty..!!":"قائمة الرغبات فارغة .. !!",
    "CONTINUE SHOPPING":"مواصلة التسوق",
    "Sort By":"ترتيب حسب",
    "Filter":"منقي",
    "Done":"فعله",
    "Popularity":"شعبية",
    "Price -- Low to High":"السعر من الارخص للاعلى",
    "Price -- High to Low":"سعر - من الأعلى إلى الأقل",
    "Newest First":"الأحدث أولا",
    "Number of Orders":"عدد الطلبات",
    "Availability:":"التوفر:",
    "In Stock":"في المخزن",
    "Size:":"بحجم:",
    "Color:":"اللون:",
    "Color":"اللون",
    "Quick Overview:":"لمحة سريعة:",
    "Details":"تفاصيل",
    "Product Highlights":"ويبرز المنتج",
    "More >":"المزيد>",
    "RATE AND WRITE A REVIEW":"معدل وكتابة استعراض",
    "ADD TO CART":"أضف إلى السلة",
    "GO TO CART":"انتقل إلى السلة",
    "Go to Cart":"انتقل إلى السلة",
    "BUY NOW":"اشتري الآن",
    "MY ORDERS":"طلباتي",
    "Gift Cards":"بطاقات الهدايا",
    "Have you recieved a gift card?":"هل تلقيت بطاقة هدايا؟",
    "Add gift card":"إضافة بطاقة هدية",
    "Save your Credit / Debit Cards for faster Payments. Your cards are secure with us.":"حفظ الائتمان / بطاقات السحب الآلي لسرعة المدفوعات. البطاقات الخاصة بك آمنة معنا.",
    "ADD NEW ADDRESS":"إضافة عنوان جديد",
    "Add New Address":"إضافة عنوان جديد",
    "Name":"اسم",
    "Pincode":"الرقم السري",
    "Landmark":"معلم معروف",
    "City":"مدينة",
    "State":"حالة",
    "Save":"حفظ",
    "No Rewards yet..!!":"لا المكافآت بعد .. !!",
    "First Name":"الاسم الاول",
    "Last Name":"الكنية",
    "Date of Birth":"تاريخ الولادة",
    "Gender":"جنس",
    "Mobile Number":"رقم الهاتف المحمول",
    "Change Password":"تغيير كلمة السر",
    "Deactive Account":"حساب ديكتيف",
    "Old Password":"كلمة المرور القديمة",
    "Enter Current Password":"إدخل كلمة السر الحالية",
    "New Password":"كلمة السر الجديدة",
    "Enter New Password":"أدخل كلمة مرور جديدة",
    "Retype Password":"أعد إدخال كلمة السر",
    "Retype New Password":"أعد كتابة كلمة السر الجديدة",
    "Enter your Password":"ادخل رقمك السري",
    "CONFIRM DEACTIVATION":"تأكيد التنشيط",
    "Updates":"التحديثات",
    "No Notification yet":"لا إعلام حتى الآن",
    "Simply browse , create a wish list or make a purchase.":"ببساطة تصفح، إنشاء قائمة أمنيات أو إجراء عملية شراء.",
    "REMOVE ALL":"حذف الكل",
    "DEAL OF THE DAY":"صفقة اليوم",
    "MOST POPULAR PRODUCTS":"المنتجات الأكثر شعبية",
    "SHOP NOW":"تسوق الآن",
    "Rate and Review the product based on your Experience.":"معدل ومراجعة المنتج بناء على تجربتك.",
    "Delivered":"تم التوصيل",
    "REMOVE":"إزالة",
    "EDIT":"تصحيح",
    "Category":"الفئة",
    "Brand":"علامة تجارية",
    "Colour":"اللون",
    "Size":"بحجم",
    "Occasion":"مناسبات",
    "Notification":"إعلام",
    "You have Points":"لديك نقاط",
    "Points":"نقاط",
    "Date":"تاريخ",
    "Event":"هدف",
    "No Points Earned":"لا نقاط مكتسبة",
    "Purchase product and earn Points.":"شراء المنتج وكسب النقاط.",
    "View":"رأي",
    "Your Order will be deliver soon":"سيتم تسليم طلبك قريبًا",
    "Email Address":"عنوان البريد الإلكتروني",
    
    "APPLY":"تطبيق",
    "Please enter valid Coupon code":"يرجى إدخال رمز القسيمة صالح",
    "Have a Coupon?":"هل لديك قسيمة؟",
    "Enter Coupon Code":"أدخل رمز القسيمة",
    "Coupon added successfully to your cart":"تمت إضافة القسيمة بنجاح إلى سلة التسوق الخاصة بك",
    "Coupon removed successfully from your cart":"تمت إزالة الكوبون بنجاح من سلة التسوق الخاصة بك",
    
    "Tax":"ضريبة",
    
    "Happy about your purchase! Let your friend know too!":"سعيد عن الشراء! دع صديقك يعرف أيضا!",
    "Share on:":"مشاركه فى:",
    "There was a problem sharing. Please try again!":"كان هناك مشكلة في المشاركة. حاول مرة اخرى!",
    "Store Locator":"فروعنا",
    "STORE LOCATOR":"فروعنا",
    "Twitter is not Installed":"تويتر غير مثبت",
    "Facebook Not Installed":"فيسبوك لا Installd",
    "Your post has been successfully shared.":"تم نشر مشاركتك بنجاح.",
    "Share App":"شارك التطبيق",
    "BLOG":"مدونة",
    "Read More":"قراءة المزيد",
    "Sale ends in":"بيع ينتهي في",
    "Download":"تحميل",
    "Remaining:":"المتبقية:",
    "Expire:":"تنقضي:",
    "NEXT":"التالى",
    "SKIP":"تخطى",
    "DONE":"فعله",
    "View Detail":"عرض التفاصيل",
    "Check":"التحقق من",
    "Enter Your Pincode":"أدخل الرمز السري الخاص بك",
    "Please Enter Valid Pincode":"الرجاء إدخال رمز Pincode صالح",
    "Pincode should not be blank.":"يجب ألا يكون الرمز السري فارغًا.",
    "Delivery Date Help Text":"تاريخ التسليم نص المساعدة",
    "Cash On Delivery":"الدفع عن الاستلام",
    "Not Available":"غير متوفر",
    "Available":"متاح",
    "Available at":"متوفر عند"
    
}
