{
    "Product is available to deliver at":"Product is available to deliver at",
    "Product is not available to deliver at":"Product is not available to deliver at",
    
    "OTP is sent again on":"OTP is sent again on",
    "Verification Code":"Verification Code",
    "Please type verification code sent to":"Please type verification code sent to",
    "Validate OTP":"Validate OTP",
    "Resend OTP":"Resend OTP",
    
    "Wishlist":"Wishlist",
    "This Combination doesn't exist. Choose another variant.":"This Combination doesn't exist. Choose another variant.",
    "No product Available":"No product Available",
    "Simply browse and add item to wishList":"Simply browse and add item to wishList",
    "E-Commerce App":"E-Commerce App",
    "E-Commerce Application template, buy this code template from Codecanyon":"E-Commerce Application template, buy this code template from Codecanyon",
    "Choose Items":"Choose Items",
    "Choose item wherever you are with this application to make life easier":"Choose item wherever you are with this application to make life easier",
    "Buy Item":"Buy Item",
    "Shop from thousand brands in the world from one application at throw away price":"Shop from thousand brands in the world from one application at throw away price",
    "Skip":"Skip",
    "Next":"Next",
    "Got it":"Got it",

    "CHECKOUT":"CHECKOUT",
    "Personal Info":"Personal Info",
    "Address Detail":"Address Detail",
    "Your Order":"Your Order",
    "Payment Via":"Payment Via",
    
    "Address":"Address",
    "Postcode/ZIP":"Postcode/ZIP",
    "Place Order":"Place Order",
    "Choose Country":"Choose Country",
    "Choose State":"Choose State",
    "Ship to a different address?":"Ship to a different address?",
    "Search for Country":"Search for Country",
    
    "Please Enter First Name":"Please Enter First Name",
    "Please Enter Last Name":"Please Enter Last Name",
    "Please Enter Email":"Please Enter Email",
    "Please Enter Valid Email":"Please Enter Valid Email",
    "Please Enter PhoneNo":"Please Enter PhoneNo",
    "Please Enter Valid Number":"Please Enter Valid Number",
    "Please Select Country First":"Please Select Country First",
    "Please Select Country":"Please Select Country",
    "Please Enter Address":"Please Enter Address",
    "Please Enter City":"Please Enter City",
    "Please Enter State":"Please Enter State",
    "Please Enter PostalCode":"Please Enter PostalCode",
    "Please Enter Valid PostalCode":"Please Enter Valid PostalCode",
    "Please Select First Country In Different Address":"Please Select First Country In Different Address",
    "Please Select Country In Different Address":"Please Select Country In Different Address",
    "Please Enter Address In Different Address":"Please Enter Address In Different Address",
    "Please Enter City In Different Address":"Please Enter City  In Different Address",
    "Please Enter State In Different Address":"Please Enter State In Different Address",
    "Please Enter PostalCode":"Please Enter PostalCode",
    "Please Enter Valid PostalCode":"Please Enter Valid PostalCode",
    
    "Invalid Contact Number":"Invalid Contact Number",
    "Search List is empty":"Search List is empty",
    "Browse our store and take a look at other items to buy.":"Browse our store and take a look at other items to buy.",
    
    "Choose Language":"Choose Language",
    "No Order yet":"No Order yet",
    "Info:":"Info:",
    "WhatsApp is not installed on your device.":"WhatsApp is not installed on your device.",
    "Type your message.":"Type your message.",

    "ALL REVIEWS":"ALL REVIEWS",
    "Related Product":"Related Product",
    "Selected Product":"Selected Product",
    "Recently Added Product":"Recently Added Product",

    "Only":"Only",
    "quantity is available.":"quantity is available.",
    
    "On":"On",
    "Order Id":"Order Id",
    "was placed on":"was placed on",
    "and is currently":"and is currently",
    
    "© CiyaShop 2018 | All Rights Reserved":"© CiyaShop 2019 | All Rights Reserved",
    "Camera":"Camera",
    "Gallery":"Gallery",
    "Coupon Code is Copied to your Clipboard":"Coupon Code is Copied to your Clipboard",
    "Item Added to your Wish List.":"Item Added to your Wish List.",
    "Item Removed From your Wish List.":"Item Removed From your Wish List.",
    "Item isnot Removed From your Wish List.":"Item isnot Removed From your Wish List.",
    "No Notification yet":"No Notification yet",
    "Simply browse , create a wish list or make a purchase.":"Simply browse , create a wish list or make a purchase.",
    "GOOGLE+":"GOOGLE+",
    "FACEBOOK":"FACEBOOK",

    
    
    "Tracking number is":"Tracking number is",
    "Choose Currency":"Choose Currency",
    "Setting":"Setting",
    "Permission for Notification denied. Please Allow from Settings.":"Permission for Notification denied. Please Allow from Settings.",
    "Or sign up with":"Or sign up with",
    "Your review is awaiting approval":"Your review is awaiting approval",
    "Add Star Rating":"Add Star Rating",
    "Enter Comment":"Enter Comment",
    "Enter Name":"Enter Name",
    "Comment":"Comment",
    "SUBMIT":"SUBMIT",
    "Review":"Review",
    "Rate Product":"Rate Product",
    "Coupon Code":"Coupon Code",
    "Scratch here to get coupon Code.":"Scratch here to get coupon Code.",
    "No Product Found":"No Product Found",
    "Seller Information:":"Seller Information:",
    "Sold By":"Sold By",
    "Contact Seller":"Contact Seller",
    "View Store":"View Store",
    "Other Products from this Vendor":"Other Products from this Vendor",
    "Reviews for this Vendor":"Reviews for this Vendor",

    "Reviews are not allowed for this Product":"Reviews are not allowed for this Product",
    "Please Enter Username":"Please Enter Username",
    "Enter Email address":"Enter Email address",
    "Enter Proper Email Address":"Enter Proper Email Address",
    "Enter Your Contact Number":"Enter Your Contact Number",
    "Enter Password":"Enter Password",
    "Enter Confirm Password":"Enter Confirm Password",
    "Password and Confirm Password Does not match":"Password and Confirm Password Does not match",
    "Your Password Updated Successfully":"Your Password Updated Successfully",
    "Enter Proper Email Address":"Enter Proper Email Address",
    "Your Email address or password is not correct":"Your Email address or password is not correct",
    "Enter Pin that we have sent you in your Registered Email Address":"Enter Pin that we have sent you in your Registered Email Address",
    "Entered PIN is not Correct":"Entered PIN is not Correct",
    "Enter your New Password":"Enter your New Password",
    "Enter New Password to Confirm":"Enter New Password to Confirm",
    "Provide Email Id to your Facebook account":"Provide Email Id to your Facebook account",
    "Provide Email Id to your Google account":"Provide Email Id to your Google account",
    "We do not found your Email Id":"We do not found your Email Id",
    "Reviews are not allowed for this Product":"Reviews are not allowed for this Product",
    "Your Account is deactivated successfully":"Your Account is deactivated successfully",
    "Message Sent":"Message Sent",
    "Enter your name":"Enter your name",
    "Enter Subject":"Enter Subject",
    "Please Enter Message":"Please Enter Message",
    "Password Changed Successfully":"Password Changed Successfully",
    "Enter Valid Email Address":"Enter Valid Email Address",
    "Enter your Current Password":"Enter your Current Password",
    "Enter your New Password":"Enter your New Password",
    "Please check internet connection and try again":"Please check internet connection and try again",
    "Address Updated Successfully":"Address Updated Successfully",
    "Login first to set your profile picture":"Login first to set your profile picture",

            
    "Information Updated Successfully":"Information Updated Successfully",
    "Something Went Wrong":"Something Went Wrong",
    
    "Item Added to Your Cart Successfully":"Item Added to Your Cart Successfully",
    "Please Go to Cart for Checkout":"Please Go to Cart for Checkout",
    
    "Clear Filter":"Clear Filter",
    "THANK YOU":"THANK YOU",
    "Your Order is Placed Successfully.":"Your Order is Placed Successfully.",
    "You will notify in few Moments.":"You will notify in few Moments.",
    
    "6 Reasons Why You'll love Shopping with us":"6 Reasons Why You'll love Shopping with us",
    "Version":"Version",
    "More about us":"More about us",
    "Follow Us":"Follow Us",
    "SEND":"SEND",
    "Subject":"Subject",
    "Message":"Message",
    "items":"items",
    "SET NEW PASSWORD":"SET NEW PASSWORD",
    "Confirm New Password":"Confirm New Password",
    "Now you can Enter new password.":"Now you can Enter new password.",
    "Enter PIN":"Enter PIN",
    "Enter PIN that we have sent you in your registered Email address.":"Enter PIN that we have sent you in your registered Email address.",
    "Login":"Login",
    "No Any Product Available":"No Any Product Available",
    "Browse some Other Item":"Browse some Other Item",
    
    "Cart is Empty":"Cart is Empty",
    "Simply browse and add item to cart.":"Simply browse and add item to cart.",
    
    "ADD BILLING ADDRESS":"ADD BILLING ADDRESS",
    "ADD SHIPPING ADDRESS":"ADD SHIPPING ADDRESS",
    "ADD":"ADD",
    "Please Add Address":"Please Add Address",
    "SAVED ADDRESSES":"SAVED ADDRESSES",
    "CANCEL ORDER":"CANCEL ORDER",
    "Order":"Order",
    "Order Detail":"Order Detail",
    "Product":"Product",
    "Total":"Total",
    "Subtotal":"Subtotal",
    "Shipping":"Shipping",
    "Payment Method":"Payment Method",
    "Customer Detail":"Customer Detail",
    "Email":"Email",
    "Phone":"Phone",
    "Billing Address":"Billing Address",
    "Shipping Address":"Shipping Address",
    
    "Terms of Use":"Terms of Use",
    "Terms & Conditions":"Terms & Conditions",
    
    "Privacy Policy":"Privacy Policy",
    "Contact Us":"Contact Us",
    "About Us":"About Us",
    "Company":"Company",
    "Address1":"Address1",
    "Address2":"Address2",
    "Country":"Country",
    "Search":"Search",
    "Rating":"Rating",
    "RECENTLY VIEWED PRODUCTS":"Recently Viewed Products",
    "Order is Failed":"Order is Failed",
    "You are refunded for this order":"You are refunded for this order",
    "Order is Cancelled":"Order is Cancelled",
    "Order is On-Hold":"Order is On-Hold",
    "Order is Under Processing":"Order is Under Processing",
    "Order is in Pending State":"Order is in Pending State",
    "Delivered Soon":"Delivered Soon",
    "DESCRIPTION":"DESCRIPTION",
    "Out of Stock":"Out of Stock",
    "SOFA":"SOFA",
    "BED":"BED",
    "CHAIR":"CHAIR",
    "DINING":"DINING",
    "Sofa":"Sofa",
    "Chair":"Chair",
    "Bed":"Bed",
    "Offers":"Offers",
    "Gift & Cards":"Gift & Cards",
    "Electronics":"Electronics",
    "Home and Furniture":"Home and Furniture",
    "Offers for You":"Offers for You",
    "Fashion":"Fashion",
    "Gift for love":"Gift for love",
    "TVs & Appliances":"TVs & Appliances",
    "Books & More":"Books & More",
    "Stores":"Stores",
    "Mobile":"Mobile",
    "Television":"Television",
    "Audio & Video":"Audio & Video",
    "Laptops":"Laptops",
    "Desktop PCs":"Desktop PCs",
    "Tablets":"Tablets",
    "Go":"Go",
    "Hot offer":"Hot offer",
    "My Cart":"My Cart",
    "Home":"Home",
    "Account":"Account",
    "Wish List":"Wish List",
    "Welcome":"Welcome",
    "SIGN IN":"SIGN IN",
    "SIGN UP":"SIGN UP",
    "Shop Unlimited":"Shop Unlimited",
    "Sign up now and get upto 15 % discount on all of our products. Offer is valid for a very sort time.":"Sign up now and get upto 15 % discount on all of our products. Offer is valid for a very sort time.",
    "Username":"Username",
    "E-mail":"E-mail",
    "Contact Number":"Contact Number",
    "Password":"Password",
    "Confirm Password":"Confirm Password",
    "Already have an account?":"Already have an account?",
    "Sign In Now":"Sign In Now",
    "Sign Up Now":"Sign Up Now",
    "SIGN UP WITH FACEBOOK":"SIGN UP WITH FACEBOOK",
    "SIGN UP WITH GOOGLE+":"SIGN UP WITH GOOGLE+",
    "SIGN UP WITH EMAIL":"SIGN UP WITH EMAIL",
    "Welcome Back":"Welcome Back",
    "All new collection of cloths for men's, women's and kid's. Explore now!":"All new collection of cloths for men's, women's and kid's. Explore now!",
    "Username or Email ID":"Username or Email ID",
    "Forgot Password?":"Forgot Password?",
    "New User? Register Now":"New User? Register Now",
    "OR":"OR",
    "Reset your world":"Reset your Password",
    "It's often forgotten that password thing. Enter your email address below and click on the 'Request Password Reset' button. We will contact you shortly!":"It's often forgotten that password thing. Enter your email address below and click on the 'Request Password Reset' button. We will contact you shortly!",
    "Email ID":"Email ID",
    "REQUEST PASSWORD RESET":"REQUEST PASSWORD RESET",
    "Search for products":"Search for products",
    "OFFER BY CATEGORIES":"OFFER BY CATEGORIES",
    "View All":"View All",
    "SHOP WOMEN":"SHOP WOMEN",
    "SHOP MEN":"SHOP MEN",
    "SHOP KID'S":"SHOP KID'S",
    "SHOP APPLE'S":"SHOP APPLE'S",
    "WOMEN'S":"WOMEN'S",
    "MEN'S":"MEN'S",
    "KID’S":"KID’S",
    "APPLE'S":"APPLE'S",
    "Boots":"Boots",
    "Formals":"Formals",
    "Sports":"Sports",
    "Sneakers":"Sneakers",
    "Sandles":"Sandles",
    "More..":"More..",
    "CART":"Cart",
    "Payments:":"Payments:",
    "Price Details:":"Price Details:",
    "Price":"Price",
    "Delivery":"Delivery",
    "Amount Payable":"Amount Payable",
    "View price details":"View price details",
    "CONTINUE":"CONTINUE",
    "Phone Number":"Phone Number",
    "Address":"Address",
    "CHANGE ADDRESS":"CHANGE ADDRESS",
    "Credit / Debit / ATM Card":"Credit / Debit / ATM Card",
    "Net Banking":"Net Banking",
    "Cash On Delivery":"Cash On Delivery",
    "EMI (Easy Installment)":"EMI (Easy Installment)",
    "Gift Card":"Gift Card",
    "ACCOUNT":"Account",
    "Sign Out":"Sign Out",
    "Do you really want to sign out from your Account?":"Do you really want to sign out from your Account?",
    "Cancel":"Cancel",
    "Sure":"Sure",
    "Clear History":"Clear History",
    "This permanently deletes your browse, search history from this device.":"This permanently deletes your browse, search history from this device.",
    "Clear":"Clear",
    "My Orders":"My Orders",
    "My Wallet":"My Wallet",
    "My Addresses":"My Addresses",
    "My Coupons":"My Coupons",
    "Rate the App":"Rate the App",
    "Account settings":"Account settings",
    "WISH LIST":"Wish List",
    "Wish list is Empty..!!":"Wish list is Empty..!!",
    "CONTINUE SHOPPING":"CONTINUE SHOPPING",
    "Sort By":"Sort By",
    "Filter":"Filter",
    "Done":"Done",
    "Popularity":"Popularity",
    "Price -- Low to High":"Price -- Low to High",
    "Price -- High to Low":"Price -- High to Low",
    "Newest First":"Newest First",
    "Number of Orders":"Number of Orders",
    "Availability:":"Availability:",
    "In Stock":"In Stock",
    "Size:":"Size:",
    "Color:":"Color:",
    "Color":"Color",
    "Quick Overview:":"Quick Overview:",
    "Details":"Details",
    "Product Highlights":"Product Highlights",
    "More >":"More >",
    "RATE AND WRITE A REVIEW":"RATE AND WRITE A REVIEW",
    "ADD TO CART":"ADD TO CART",
    "GO TO CART":"GO TO CART",
    "Go to Cart":"Go to Cart",
    "BUY NOW":"BUY NOW",
    "MY ORDERS":"My Orders",
    "Gift Cards":"Gift Cards",
    "Have you recieved a gift card?":"Have you received a gift card?",
    "Add gift card":"Add gift card",
    "Save your Credit / Debit Cards for faster Payments. Your cards are secure with us.":"Save your Credit / Debit Cards for faster Payments. Your cards are secure with us.",
    "My Addresses":"My Addresses",
    "ADD NEW ADDRESS":"Add New Address",
    "Add New Address":"Add New Address",
    "Name":"Name",
    "Pincode":"Pincode",
    "Landmark":"Landmark",
    "City":"City",
    "State":"State",
    "Save":"Save",
    "My Coupons":"My Coupons",
    "No Rewards yet..!!":"No Rewards yet..!!",
    "First Name":"First Name",
    "Last Name":"Last Name",
    "Date of Birth":"Date of Birth",
    "Gender":"Gender",
    "Mobile Number":"Mobile Number",
    "Change Password":"Change Password",
    "Deactive Account":"Deactive Account",
    "Old Password":"Old Password",
    "Enter Current Password":"Enter Current Password",
    "New Password":"New Password",
    "Enter New Password":"Enter New Password",
    "Retype Password":"Retype Password",
    "Retype New Password":"Retype New Password",
    "Enter your Password":"Enter your Password",
    "CONFIRM DEACTIVATION":"CONFIRM DEACTIVATION",
    "Updates":"Updates",
    "No Notification yet":"No Notification yet",
    "Simply browse , create a wish list or make a purchase.":"Simply browse , create a wish list or make a purchase.",
    "REMOVE ALL":"REMOVE ALL",
    "Go":"Go",
    "DEAL OF THE DAY":"Today's Special Deal",
    "MOST POPULAR PRODUCTS":"Most Popular Products",
    "SHOP NOW":"Shop Now",
    "Rate and Review the product based on your Experience.":"Rate and Review the product based on your Experience.",
    "Delivered":"Delivered",
    "REMOVE":"REMOVE",
    "EDIT":"EDIT",
    "Category":"Category",
    "Brand":"Brand",
    "Colour":"Colour",
    "Size":"Size",
    "Occasion":"Occasion",
    "Notification":"Notification",
    "My Points":"My Points",
    "You have Points":"You have Points",
    "Points":"Points",
    "Date":"Date",
    "Event":"Event",
    "No Points Earned":"No Points Earned",
    "Purchase product and earn Points.":"Purchase product and earn Points.",
    "View":"View",
    "Your Order will be deliver soon":"Your Order will be deliver soon",
    "Email Address":"Email Address",
    
    "APPLY":"APPLY",
    "Please enter valid Coupon code":"Please enter valid Coupon code",
    "Have a Coupon?":"Have a Coupon?",
    "Enter Coupon Code":"Enter Coupon Code",
    "Coupon added successfully to your cart":"Coupon added successfully to your cart",
    "Coupon removed successfully from your cart":"Coupon removed successfully from your cart",
    
    "Tax":"Tax",
    
    "Happy about your purchase! Let your friend know too!":"Happy about your purchase! Let your friend know too!",
    "Share on:":"Share on:",
    "There was a problem sharing. Please try again!":"There was a problem sharing. Please try again!",
    "Store Locator":"Store Locator",
    "STORE LOCATOR":"STORE LOCATOR",
    "Twitter is not Installed":"Twitter is not Installed",
    "Facebook Not Installed":"Facebook Not Installed",
    "Your post has been successfully shared.":"Your post has been successfully shared.",
    "Share App":"Share App",
    "BLOG":"BLOG",
    "Read More":"Read More",
    "Sale ends in":"Sale ends in",
    "Download":"Download",
    "Remaining:":"Remaining:",
    "Expire:":"Expire:",
    "NEXT":"NEXT",
    "SKIP":"SKIP",
    "DONE":"DONE",
    "View Detail":"View Detail",
    "Check":"Check",
    "Enter Your Pincode":"Enter Your Pincode",
    "Please Enter Valid Pincode":"Please Enter Valid Pincode",
    "Pincode should not be blank.":"Pincode should not be blank.",
    "Delivery Date Help Text":"Delivery Date Help Text",
    "Cash On Delivery":"Cash On Delivery",
    "Not Available":"Not Available",
    "Available":"Available",
    "Available at":"Available at",
    "Repayment":"Repayment"
}
