{
    "Product is available to deliver at":"Le produit est disponible à livrer à",
    "Product is not available to deliver at":"Le produit n'est pas disponible pour être livré à",
    
    "OTP is sent again on":"OTP est à nouveau envoyé le",
    "Verification Code":"Code de vérification",
    "Please type verification code sent to":"Veuillez saisir le code de vérification envoyé à",
    "Validate OTP":"Valider l'OTP",
    "Resend OTP":"Renvoyer OTP",
    
    "Wishlist":"Liste de souhaits",
    "This Combination doesn't exist. Choose another variant.":"Cette combinaison n'existe pas. Choisissez une autre variante.",
    "No product Available":"Aucun produit disponible",
    "Simply browse and add item to wishList":"Il suffit de parcourir et d'ajouter un élément à la liste de souhaits",
    "E-Commerce App":"Application de commerce électronique",
    "E-Commerce Application template, buy this code template from Codecanyon":"Modèle d'application de commerce électronique, achetez ce modèle de code auprès de Codecanyon",
    "Choose Items":"Choisir des articles",
    "Choose item wherever you are with this application to make life easier":"Choisissez un article où que vous soyez avec cette application pour vous simplifier la vie",
    "Buy Item":"Acheter un article",
    "Shop from thousand brands in the world from one application at throw away price":"Achetez parmi des milliers de marques dans le monde à partir d'une application à un prix imbattable",
    "Skip":"Sauter",
    "Next":"Suivant",
    "Got it":"Je l'ai",
    
    "CHECKOUT":"CHECK-OUT",
    "Personal Info":"Informations personnelles",
    "Address Detail":"Détail d'adresse",
    "Your Order":"Votre commande",
    "Payment Via":"Paiement via",
    
    "Address":"Adresse",
    "Postcode/ZIP":"Code postal / ZIP",
    "Place Order":"Passer la commande",
    "Choose Country":"Choisissez un pays",
    "Choose State":"Choisissez l'état",
    "Ship to a different address?":"Livrer à une adresse différente?",
    "Search for Country":"Recherche de pays",
    
    "Please Enter First Name":"Veuillez entrer votre prénom",
    "Please Enter Last Name":"S'il vous plaît entrer le nom de famille",
    "Please Enter Email":"S'il vous plaît entrer email",
    "Please Enter Valid Email":"Veuillez entrer un email valide",
    "Please Enter PhoneNo":"S'il vous plaît entrez PhoneNo",
    "Please Enter Valid Number":"S'il vous plaît entrer un nombre valide",
    "Please Select Country First":"S'il vous plaît sélectionner le pays d'abord",
    "Please Select Country":"Veuillez sélectionner un pays",
    "Please Enter Address":"S'il vous plaît entrer l'adresse",
    "Please Enter City":"S'il vous plaît entrer la ville",
    "Please Enter State":"S'il vous plaît entrer l'état",
    "Please Enter PostalCode":"Veuillez entrer le code postal",
    "Please Enter Valid PostalCode":"Veuillez entrer un code postal valide",
    "Please Select First Country In Different Address":"Veuillez sélectionner le premier pays dans une adresse différente",
    "Please Select Country In Different Address":"Veuillez sélectionner un pays dans une adresse différente",
    "Please Enter Address In Different Address":"S'il vous plaît entrer l'adresse dans une adresse différente",
    "Please Enter City In Different Address":"S'il vous plaît entrer la ville dans une adresse différente",
    "Please Enter State In Different Address":"S'il vous plaît entrer l'état dans une adresse différente",
    "Please Enter PostalCode":"Veuillez entrer le code postal",
    "Please Enter Valid PostalCode":"Veuillez entrer un code postal valide",
    
    "Invalid Contact Number":"Numéro de contact invalide",
    "Search List is empty":"La liste de recherche est vide",
    "Browse our store and take a look at other items to buy.":"Parcourez notre boutique et jetez un œil aux autres articles à acheter.",
    
    "Choose Language":"Choisissez la langue",
    "No Order yet":"Pas encore de commande",
    "Info:":"Info:",
    "WhatsApp is not installed on your device.":"WhatsApp n'est pas installé sur votre appareil.",
    "Type your message.":"Tapez votre message.",
    
    "ALL REVIEWS":"TOUTES LES AVIS",
    "Related Product":"Produit connexe",
    "Selected Product":"Produit sélectionné",
    "Recently Added Product":"Produit récemment ajouté",
    
    "Only":"Seulement",
    "quantity is available.":"la quantité est disponible",
    
    "On":"Sur",
    "Order Id":"Numéro de commande",
    "was placed on":"a été placé sur",
    "and is currently":"et est actuellement",
    "© CiyaShop 2018 | All Rights Reserved":"© CiyaShop 2019 | Tous les droits sont réservés.",
    "Camera":"Caméra",
    "Gallery":"Galerie",
    "Coupon Code is Copied to your Clipboard":"Le code de coupon est copié dans votre presse-papiers",
    "Item Added to your Wish List.":"Article ajouté à votre liste de souhaits.",
    "Item Removed From your Wish List.":"Article retiré de votre liste de souhaits.",
    "Item isnot Removed From your Wish List.":"L'article n'est pas supprimé de votre liste de souhaits.",
    "No Notification yet":"Pas encore de notification",
    "Simply browse , create a wish list or make a purchase.":"Il suffit de parcourir, créer une liste de souhaits ou faire un achat.",
    "GOOGLE+":"GOOGLE+",
    "FACEBOOK":"FACEBOOK",
    
    
    "Tracking number is":"Le numéro de suivi est",
    "Choose Currency":"Choisir la devise",
    "Setting":"Réglage",
    "Permission for Notification denied. Please Allow from Settings.":"Autorisation de notification refusée. Veuillez autoriser à partir des paramètres.",
    "Or sign up with":"Ou inscrivez-vous avec",
    "Your review is awaiting approval":"Votre avis est en attente d'approbation",
    "Add Star Rating":"Ajouter une note",
    "Enter Comment":"Entrez un commentaire",
    "Enter Name":"Entrez le nom",
    "Comment":"Commentaire",
    "SUBMIT":"SOUMETTRE",
    "Review":"La revue",
    "Rate Product":"Évaluer le produit",
    "Coupon Code":"Code de coupon",
    "Scratch here to get coupon Code.":"Grattez ici pour obtenir le code de coupon.",
    "No Product Found":"Aucun produit trouvé",
    "Seller Information:":"Information du vendeur:",
    "Sold By":"Vendu par",
    "Contact Seller":"Contactez le vendeur",
    "View Store":"Voir magasin",
    "Other Products from this Vendor":"Autres produits de ce fournisseur",
    "Reviews for this Vendor":"Avis pour ce vendeur",

    "Reviews are not allowed for this Product":"Les avis ne sont pas autorisés pour ce produit",
    "Please Enter Username":"Veuillez entrer le nom d'utilisateur",
    "Enter Email address":"Entrer l'adresse e-mail",
    "Enter Proper Email Address":"Entrez l'adresse e-mail appropriée",
    "Enter Your Contact Number":"Entrez votre numéro de contact",
    "Enter Password":"Entrer le mot de passe",
    "Enter Confirm Password":"Entrer le mot de passe",
    "Password and Confirm Password Does not match":"Le mot de passe et le mot de passe de confirmation ne correspondent pas",
    "Your Password Updated Successfully":"Votre mot de passe mis à jour avec succès",
    "Your Email address or password is not correct":"Votre adresse e-mail ou votre mot de passe n'est pas correct",
    "Enter Pin that we have sent you in your Registered Email Address":"Entrez le code que nous vous avons envoyé dans votre adresse e-mail enregistrée",
    "Entered PIN is not Correct":"Le code PIN saisi n'est pas correct",
    "Enter your New Password":"Entrez votre nouveau mot de passe",
    "Enter New Password to Confirm":"Entrez un nouveau mot de passe pour confirmer",
    "Provide Email Id to your Facebook account":"Fournir un identifiant d'email à votre compte Facebook",
    "Provide Email Id to your Google account":"Fournir un identifiant d'email à votre compte Google",
    "We do not found your Email Id":"Nous n'avons pas trouvé votre identifiant d'email",
    "Your Account is deactivated successfully":"Votre compte est désactivé avec succès",
    "Message Sent":"Message envoyé",
    "Enter your name":"Entrez votre nom",
    "Enter Subject":"Entrez le sujet",
    "Please Enter Message":"Veuillez entrer un message",
    "Password Changed Successfully":"Le mot de passe a été changé avec succès",
    "Enter Valid Email Address":"Entrez une adresse e-mail valide",
    "Enter your Current Password":"Entrer votre mot de passe actuel",
    "Please check internet connection and try again":"Veuillez vérifier la connexion Internet et réessayer.",
    "Address Updated Successfully":"Adresse mise à jour avec succès",
    "Login first to set your profile picture":"Connectez-vous d'abord pour définir votre photo de profil",
    "Information Updated Successfully":"Informations mises à jour avec succès",
    "Something Went Wrong":"Quelque chose s'est mal passé",
    "Item Added to Your Cart Successfully":"Article ajouté à votre panier avec succès",
    "Please Go to Cart for Checkout":"S'il vous plaît aller au panier pour la caisse",
    "Clear Filter":"Effacer le filtre",
    "THANK YOU":"JE VOUS REMERCIE",
    "Your Order is Placed Successfully.":"Votre commande est placée avec succès.",
    "You will notify in few Moments.":"Vous notifier dans quelques instants.",
    "6 Reasons Why You'll love Shopping with us":"6 raisons pour lesquelles vous adorerez faire du shopping avec nous",
    "Version":"Version",
    "More about us":"Plus sur nous",
    "Follow Us":"Suivez nous",
    "SEND":"ENVOYER",
    "Subject":"Assujettir",
    "Message":"Message",
    "items":"articles",
    "SET NEW PASSWORD":"SET NOUVEAU MOT DE PASSE",
    "Confirm New Password":"Confirmer le nouveau mot de passe",
    "Now you can Enter new password.":"Maintenant, vous pouvez entrer un nouveau mot de passe.",
    "Enter PIN":"Entrez le code PIN",
    "Enter PIN that we have sent you in your registered Email address.":"Entrez le code PIN que nous vous avons envoyé dans votre adresse e-mail enregistrée.",
    "Login":"S'identifier",
    "No Any Product Available":"Aucun produit disponible",
    "Browse some Other Item":"Parcourir un autre article",
    "Cart is Empty":"Le panier est vide",
    "Simply browse and add item to cart.":"Il suffit de parcourir et d'ajouter l'article au panier.",
    "ADD BILLING ADDRESS":"AJOUTER UNE ADRESSE DE FACTURATION",
    "ADD SHIPPING ADDRESS":"AJOUTER L'ADRESSE DE LIVRAISON",
    "ADD":"AJOUTER",
    "Please Add Address":"S'il vous plaît Ajouter une adresse",
    "SAVED ADDRESSES":"ADRESSES SAUVÉES",
    "CANCEL ORDER":"ANNULER LA COMMANDE",
    "Order":"Commande",
    "Order Detail":"Détails de la commande",
    "Product":"Produit",
    "Total":"Total",
    "Subtotal":"Total",
    "Shipping":"livraison",
    "Payment Method":"Mode de paiement",
    "Customer Detail":"Détail du client",
    "Email":"Email",
    "Phone":"Téléphone",
    "Billing Address":"Adresse de facturation",
    "Shipping Address":"Adresse de livraison",
    "Terms of Use":"Conditions d'utilisation",
    "Terms & Conditions":"termes et conditions",
    "Privacy Policy":"Politique de confidentialité",
    "Contact Us":"Contactez nous",
    "About Us":"À propos de nous",
    "Company":"Compagnie",
    "Address1":"Adresse 1",
    "Address2":"Adresse 2",
    "Country":"Pays",
    "Search":"Chercher",
    "Rating":"Évaluation",
    "RECENTLY VIEWED PRODUCTS":"Derniers produits consultés",
    "Order is Failed":"L'ordre a échoué",
    "You are refunded for this order":"Vous êtes remboursé pour cette commande",
    "Order is Cancelled":"La commande est annulée",
    "Order is On-Hold":"La commande est en attente",
    "Order is Under Processing":"La commande est en cours de traitement",
    "Order is in Pending State":"La commande est en attente",
    "Delivered Soon":"Livré bientôt",
    "DESCRIPTION":"LA DESCRIPTION",
    "Out of Stock":"En rupture de stock",
    "SOFA":"CANAPÉ",
    "BED":"LIT",
    "CHAIR":"CHAISE",
    "DINING":"À MANGER",
    "Sofa":"Canapé",
    "Chair":"chaise",
    "Bed":"Lit",
    "Offers":"Des offres",
    "Gift & Cards":"Cartes cadeaux",
    "Electronics":"Électronique",
    "Home and Furniture":"Maison et meubles",
    "Offers for You":"Offres pour vous",
    "Fashion":"Mode",
    "Gift for love":"Cadeau pour l'amour",
    "TVs & Appliances":"Téléviseurs et appareils ménagers",
    "Books & More":"Livres et plus",
    "Stores":"Magasins",
    "Mobile":"Mobile",
    "Television":"Télévision",
    "Audio & Video":"Audio Video",
    "Laptops":"Portables",
    "Desktop PCs":"Ordinateurs de bureau",
    "Tablets":"Comprimés",
    "Go":"Aller",
    "Hot offer":"Offre chaude",
    "My Cart":"Mon panier",
    "Home":"Accueil",
    "Account":"Compte",
    "Wish List":"Liste de souhaits",
    "Welcome":"Bienvenue",
    "SIGN IN":"SE CONNECTER",
    "SIGN UP":"S'INSCRIRE",
    "Shop Unlimited":"Boutique illimitée",
    "Sign up now and get upto 15 % discount on all of our products. Offer is valid for a very sort time.":"Inscrivez-vous maintenant et obtenez jusqu'à 15% de réduction sur tous nos produits. L'offre est valable pour un temps de tri très.",
    "Username":"Nom d'utilisateur",
    "E-mail":"Email",
    "Contact Number":"Numéro de contact",
    "Password":"Mot de passe",
    "Confirm Password":"Confirmez le mot de passe",
    "Already have an account?":"Vous avez déjà un compte?",
    "Sign In Now":"Connectez vous maintenant",
    "Sign Up Now":"S'inscrire maintenant",
    "SIGN UP WITH FACEBOOK":"INSCRIVEZ-VOUS AVEC FACEBOOK",
    "SIGN UP WITH GOOGLE+":"INSCRIVEZ-VOUS AVEC GOOGLE +",
    "SIGN UP WITH EMAIL":"S'ENREGISTRER AVEC L'ADRESSE E-MAIL",
    "Welcome Back":"Nous saluons le retour",
    "All new collection of cloths for men's, women's and kid's. Explore now!":"Toute nouvelle collection de tissus pour hommes, femmes et enfants. Explorez maintenant!",
    "Username or Email ID":"Nom d'utilisateur ou adresse e-mail",
    "Forgot Password?":"Mot de passe oublié?",
    "New User? Register Now":"Nouvel utilisateur? Inscrire maintenant",
    "OR":"OU",
    "Reset your world":"Réinitialisez votre mot de passe",
    "It's often forgotten that password thing. Enter your email address below and click on the 'Request Password Reset' button. We will contact you shortly!":"On oublie souvent ce mot de passe. Entrez votre adresse e-mail ci-dessous et cliquez sur le bouton 'Demander le rétablissement du mot de passe'. Nous vous contacterons sous peu!",
    "Email ID":"Email ID",
    "REQUEST PASSWORD RESET":"DEMANDE DE RÉINITIALISATION DE MOT DE PASSE",
    "Search for products":"Rechercher des produits",
    "OFFER BY CATEGORIES":"OFFRE PAR CATÉGORIES",
    "View All":"Voir tout",
    "SHOP WOMEN":"SHOP FEMMES",
    "SHOP MEN":"SHOP HOMMES",
    "SHOP KID'S":"SHOP KID'S",
    "SHOP APPLE'S":"BOUTIQUE APPLE'S",
    "WOMEN'S":"AUX FEMMES",
    "MEN'S":"POUR DES HOMMES",
    "KID’S":"DES GAMINS",
    "APPLE'S":"POMMES",
    "Boots":"Bottes",
    "Formals":"Formels",
    "Sports":"Des sports",
    "Sneakers":"Baskets",
    "Sandles":"Sandles",
    "More..":"Plus..",
    "CART":"Chariot",
    "Payments:":"Paiements:",
    "Price Details:":"Détails du prix:",
    "Price":"Prix",
    "Delivery":"Livraison",
    "Amount Payable":"Montant payable",
    "View price details":"Voir les détails des prix",
    "CONTINUE":"CONTINUER",
    "Phone Number":"Numéro de téléphone",
    "Address":"Adresse",
    "CHANGE ADDRESS":"CHANGEMENT D'ADRESSE",
    "Credit / Debit / ATM Card":"Carte de crédit / débit / ATM",
    "Net Banking":"Net bancaire",
    "Cash On Delivery":"Paiement à la livraison",
    "EMI (Easy Installment)":"EMI (installation facile)",
    "Gift Card":"Carte cadeau",
    "ACCOUNT":"Compte",
    "Sign Out":"Déconnexion",
    "Do you really want to sign out from your Account?":"Voulez-vous vraiment vous déconnecter de votre compte?",
    "Cancel":"Annuler",
    "Sure":"Sûr",
    "Clear History":"Histoire claire",
    "This permanently deletes your browse, search history from this device.":"Cela supprime définitivement votre navigation, l'historique de recherche de cet appareil.",
    "Clear":"Clair",
    "My Orders":"Mes commandes",
    "My Wallet":"Mon portefeuille",
    "My Addresses":"Mes adresses",
    "My Coupons":"Mes coupons",
    "Rate the App":"Évaluer l'application",
    "Account settings":"Paramètres du compte",
    "WISH LIST":"Liste de souhaits",
    "Wish list is Empty..!!":"La liste de souhaits est vide .. !!",
    "CONTINUE SHOPPING":"CONTINUER VOS ACHATS",
    "Sort By":"Trier par",
    "Filter":"Filtre",
    "Done":"Terminé",
    "Popularity":"Popularité",
    "Price -- Low to High":"Prix ​​- faible à élevé",
    "Price -- High to Low":"Prix ​​- élevé à faible",
    "Newest First":"Le plus récent d'abord",
    "Number of Orders":"Nombre de commandes",
    "Availability:":"Disponibilité:",
    "In Stock":"En stock",
    "Size:":"Taille:",
    "Color:":"Couleur:",
    "Color":"Couleur",
    "Quick Overview:":"Rapide vue d'ensemble:",
    "Details":"Détails",
    "Product Highlights":"Faits saillants du produit",
    "More >":"Plus>",
    "RATE AND WRITE A REVIEW":"ÉVALUEZ ET ÉCRIVEZ UN EXAMEN",
    "ADD TO CART":"AJOUTER AU PANIER",
    "GO TO CART":"ALLER AU PANIER",
    "Go to Cart":"Aller au panier",
    "BUY NOW":"ACHETER MAINTENANT",
    "MY ORDERS":"Mes commandes",
    "Gift Cards":"Cartes cadeaux",
    "Have you recieved a gift card?":"Avez-vous reçu une carte-cadeau?",
    "Add gift card":"Ajouter une carte-cadeau",
    "Save your Credit / Debit Cards for faster Payments. Your cards are secure with us.":"Sauvegardez vos cartes de crédit / débit pour des paiements plus rapides. Vos cartes sont sécurisées avec nous.",
    "ADD NEW ADDRESS":"Ajouter une nouvelle adresse",
    "Add New Address":"Ajouter une nouvelle adresse",
    "Name":"prénom",
    "Pincode":"Code PIN",
    "Landmark":"Point de repère",
    "City":"Ville",
    "State":"Etat",
    "Save":"sauvegarder",
    "No Rewards yet..!!":"Pas encore de récompenses .. !!",
    "First Name":"Prénom",
    "Last Name":"Nom de famille",
    "Date of Birth":"Date de naissance",
    "Gender":"Le genre",
    "Mobile Number":"Numéro de portable",
    "Change Password":"Changer le mot de passe",
    "Deactive Account":"Compte réactif",
    "Old Password":"ancien mot de passe",
    "Enter Current Password":"Entrer le mot de passe actuel",
    "New Password":"nouveau mot de passe",
    "Enter New Password":"Entrez un nouveau mot de passe",
    "Retype Password":"Retaper le mot de passe",
    "Retype New Password":"Re-taper le nouveau mot de passe",
    "Enter your Password":"Tapez votre mot de passe",
    "CONFIRM DEACTIVATION":"CONFIRMER LA DÉSACTIVATION",
    "Updates":"Mises à jour",
    "No Notification yet":"Pas encore de notification",
    "Simply browse , create a wish list or make a purchase.":"Il suffit de parcourir, créer une liste de souhaits ou faire un achat.",
    "REMOVE ALL":"ENLEVER TOUT",
    "DEAL OF THE DAY":"Offre spéciale du jour",
    "MOST POPULAR PRODUCTS":"Produits les plus populaires",
    "SHOP NOW":"Achetez maintenant",
    "Rate and Review the product based on your Experience.":"Évaluer et réviser le produit en fonction de votre expérience.",
    "Delivered":"Livré",
    "REMOVE":"RETIRER",
    "EDIT":"MODIFIER",
    "Category":"Catégorie",
    "Brand":"Marque",
    "Colour":"Couleur",
    "Size":"Taille",
    "Occasion":"Occasion",
    "Notification":"Notification",
    "My Points":"Mes points",
    "You have Points":"Vous avez des points",
    "Points":"points",
    "Date":"Rendez-vous amoureux",
    "Event":"un événement",
    "No Points Earned":"Aucun point gagné",
    "Purchase product and earn Points.":"Achetez un produit et gagnez des points.",
    "View":"Vue",
    "Your Order will be deliver soon":"Votre commande sera bientôt disponible",
    "Email Address":"Adresse e-mail",
    
    "APPLY":"APPLIQUER",
    "Please enter valid Coupon code":"Veuillez entrer un code coupon valide",
    "Have a Coupon?":"Avez-vous un coupon?",
    "Enter Coupon Code":"Enter Coupon Code",
    "Coupon added successfully to your cart":"Coupon ajouté avec succès à votre panier",
    "Coupon removed successfully from your cart":"Coupon retiré avec succès de votre panier",
    
    "Tax":"Impôt",
    
    "Happy about your purchase! Let your friend know too!":"Heureux de votre achat! Faites savoir à votre ami aussi!",
    "Share on:":"Partager sur:",
    "There was a problem sharing. Please try again!":"Il y avait un problème de partage. Veuillez réessayer!",
    "Store Locator":"Localisateur de magasin",
    "STORE LOCATOR":"LOCALISATEUR DE MAGASIN",
    "Twitter is not Installed":"Twitter n'est pas installé",
    "Facebook Not Installed":"Facebook non installé",
    "Your post has been successfully shared.":"Votre message a été partagé avec succès.",
    "Share App":"Partager l'application",
    "BLOG":"BLOG",
    "Read More":"Weiterlesen",
    "Sale ends in":"La vente se termine dans",
    "Download":"Télécharger",
    "Remaining:":"Restant:",
    "Expire:":"Expirer:",
    "NEXT":"SUIVANT",
    "SKIP":"SAUTER",
    "DONE":"TERMINÉ",
    "View Detail":"Voir les détails",
    "Check":"Vérifier",
    "Enter Your Pincode":"Entrez votre code",
    "Please Enter Valid Pincode":"S'il vous plaît entrer code valide",
    "Pincode should not be blank.":"Le code PIN ne doit pas être vide.",
    "Delivery Date Help Text":"Texte d'aide pour la date de livraison",
    "Not Available":"Indisponible",
    "Cash On Delivery":"Paiement à la livraison",
    "Available":"Disponible",
    "Available at":"Disponible à"
}
