{
    "Product is available to deliver at":"Das Produkt ist verfügbar bei",
    "Product is not available to deliver at":"Produkt ist nicht lieferbar bei",
    
    "OTP is sent again on":"OTP wird erneut am gesendet",
    "Verification Code":"Verifizierungs-Schlüssel",
    "Please type verification code sent to":"Bitte geben Sie den Bestätigungscode ein, der an gesendet wurde",
    "Validate OTP":"OTP validieren",
    "Resend OTP":"OTP erneut senden",
    
    "Wishlist":"Wunschzettel",
    "This Combination doesn't exist. Choose another variant.":"Diese Kombination existiert nicht. Wählen Sie eine andere Variante.",
    "No product Available":"Kein Produkt verfügbar",
    "Simply browse and add item to wishList":"Einfach stöbern und Artikel zur Wunschliste hinzufügen",
    "E-Commerce App":"E-Commerce-App",
    "E-Commerce Application template, buy this code template from Codecanyon":"E-Commerce-Anwendungsvorlage, kaufen Sie diese Codevorlage von Codecanyon",
    "Choose Items":"Wählen Sie Artikel aus",
    "Choose item wherever you are with this application to make life easier":"Wählen Sie einen Artikel, wo immer Sie sich mit dieser Anwendung befinden, um das Leben zu erleichtern",
    "Buy Item":"Gegenstand kaufen",
    "Shop from thousand brands in the world from one application at throw away price":"Kaufen Sie von Tausend Marken auf der ganzen Welt aus einer Anwendung zum Wegwerfpreis",
    "Skip":"Überspringen",
    "Next":"Nächster",
    "Got it":"Ich habs",
    
    "CHECKOUT":"AUSCHECKEN",
    "Personal Info":"Persönliche Informationen",
    "Address Detail":"Adressdetail",
    "Your Order":"Deine Bestellung",
    "Payment Via":"PZahlung über",
    
    
    "Address":"Adresse",
    "Postcode/ZIP":"Postleitzahl / PLZ",
    "Place Order":"Bestellung aufgeben",
    "Choose Country":"Land auswählen",
    "Choose State":"Staat wählen",
    "Ship to a different address?":"Zu einer anderen Adresse liefern?",
    "Search for Country":"Suche nach Land",
    
    "Please Enter First Name":"Bitte geben Sie den Vornamen ein",
    "Please Enter Last Name":"Bitte geben Sie den Nachnamen ein",
    "Please Enter Email":"Bitte geben Sie eine E-Mail ein",
    "Please Enter Valid Email":"Bitte eine gültige E-Mail-Adresse eintragen",
    "Please Enter PhoneNo":"Bitte geben Sie PhoneNo ein",
    "Please Enter Valid Number":"Bitte geben Sie eine gültige Nummer ein",
    "Please Select Country First":"Bitte zuerst Land auswählen",
    "Please Select Country":"Bitte Land auswählen",
    "Please Enter Address":"Bitte geben Sie die Adresse ein",
    "Please Enter City":"Bitte geben Sie die Stadt ein",
    "Please Enter State":"Bitte geben Sie den Bundesstaat ein",
    "Please Enter PostalCode":"Bitte geben Sie den PostalCode ein",
    "Please Enter Valid PostalCode":"Bitte geben Sie den gültigen PostalCode ein",
    "Please Select First Country In Different Address":"Bitte wählen Sie das erste Land in einer anderen Adresse aus",
    "Please Select Country In Different Address":"Bitte Land in anderer Adresse auswählen",
    "Please Enter Address In Different Address":"Bitte geben Sie die Adresse in einer anderen Adresse ein",
    "Please Enter City In Different Address":"Bitte geben Sie die Stadt in einer anderen Adresse ein",
    "Please Enter State In Different Address":"Bitte geben Sie den Status in einer anderen Adresse ein",
    "Please Enter PostalCode":"Bitte geben Sie den PostalCode ein",
    "Please Enter Valid PostalCode":"Bitte geben Sie den gültigen PostalCode ein",
    
    "Search List is empty":"Suchliste ist leer",
    "Browse our store and take a look at other items to buy.":"Durchsuchen Sie unseren Shop und schauen Sie sich weitere Artikel an, die Sie kaufen können.",
    
    "Choose Language":"Sprache wählen",
    "No Order yet":"Noch keine Bestellung",
    "Info:":"Info:",
    "WhatsApp is not installed on your device.":"WhatsApp ist nicht auf Ihrem Gerät installiert.",
    "Type your message.":"Geben Sie Ihre Nachricht ein.",
    
    "ALL REVIEWS":"ALLE BEWERTUNGEN",
    "Related Product":"Ähnliches Produkt",
    "Selected Product":"Ausgewähltes Produkt",
    "Recently Added Product":"Kürzlich hinzugefügtes Produkt",
    
    "Only":"Nur",
    "quantity is available.":"Menge ist verfügbar.",
    
    "On":"Auf",
    "Order Id":"Auftragsnummer",
    "was placed on":"wurde aufgelegt",
    "and is currently":"und ist derzeit",
    "© CiyaShop 2018 | All Rights Reserved":"© CiyaShop 2019 | Alle Rechte vorbehalten.",
    "Camera":"Kamera",
    "Gallery":"Galerie",
    "Coupon Code is Copied to your Clipboard":"Gutscheincode wird in Ihre Zwischenablage kopiert",
    "Item Added to your Wish List.":"Artikel zu Favoriten hinzugefügt.",
    "Item Removed From your Wish List.":"Artikel von Ihren Favoriten entfernt.",
    "Item isnot Removed From your Wish List.":"Artikel ist nicht von Ihren Favoriten entfernt.",
    "No Notification yet":"Noch keine Benachrichtigung",
    "Simply browse , create a wish list or make a purchase.":"Einfach stöbern, eine Wunschliste erstellen oder kaufen.",
    "GOOGLE+":"Google +",
    "FACEBOOK":"FACEBOOK",

    
    "Tracking number is":"Tracking-Nummer ist",
    "Choose Currency":"Währung wählen",
    "Setting":"Rahmen",
    "Permission for Notification denied. Please Allow from Settings.":"Berechtigung für die Benachrichtigung verweigert. Bitte von den Einstellungen zulassen.",
    "Or sign up with":"Oder registriere dich mit",
    "Your review is awaiting approval":"Ihre Bewertung wartet auf ihre Genehmigung",
    "Add Star Rating":"Sternebewertung hinzufügen",
    "Enter Comment":"Geben Sie einen Kommentar ein",
    "Enter Name":"Name eingeben",
    "Comment":"Kommentar",
    "SUBMIT":"EINREICHEN",
    "Review":"Rezension",
    "Rate Product":"Produkt bewerten",
    "Coupon Code":"Gutscheincode",
    "Scratch here to get coupon Code.":"Scratchen Sie hier, um den Gutscheincode zu erhalten - bitte komplett frei machen!",
    "No Product Found":"Kein Produkt gefunden",
    "Seller Information:":"Angaben zum Verkäufer:",
    "Sold By":"Verkauft durch",
    "Contact Seller":"Verkäufer kontaktieren",
    "View Store":"Shop ansehen",
    "Other Products from this Vendor":"Andere Produkte von diesem Verkäufer",
    "Reviews for this Vendor":"Bewertungen für diesen Verkäufer",

    "Reviews are not allowed for this Product":"Bewertungen sind für dieses Produkt nicht zulässig",
    "Please Enter Username":"Bitte geben Sie den Benutzernamen ein",
    "Enter Email address":"E-Mail Adresse eingeben",
    "Enter Proper Email Address":"Geben Sie die richtige E-Mail-Adresse ein",
    "Enter Your Contact Number":"Geben Sie Ihre Kontaktnummer ein",
    "Enter Password":"Passwort eingeben",
    "Enter Confirm Password":"Passwort eingeben",
    "Password and Confirm Password Does not match":"Passwort und Passwort bestätigen stimmt nicht überein",
    "Your Password Updated Successfully":"Ihr Passwort wurde erfolgreich aktualisiert",
    "Your Email address or password is not correct":"Ihre E-Mail-Adresse oder Ihr Passwort ist nicht korrekt",
    "Enter Pin that we have sent you in your Registered Email Address":"Gib Pin ein, den wir dir in deiner registrierten E-Mail-Adresse gesendet haben",
    "Entered PIN is not Correct":"Eingegebene PIN ist nicht korrekt",
    "Enter your New Password":"Gib dein neues Passwort ein",
    "Enter New Password to Confirm":"Neues Passwort zum Bestätigen eingeben",
    "Provide Email Id to your Facebook account":"E-Mail-ID für Ihr Facebook-Konto angeben",
    "Provide Email Id to your Google account":"E-Mail-ID für Ihr Google-Konto angeben",
    "We do not found your Email Id":"Ihre E-Mail-ID wurde nicht gefunden",
    "Your Account is deactivated successfully":"Dein Account ist erfolgreich deaktiviert",
    "Message Sent":"Nachricht gesendet",
    "Enter your name":"Gib deinen Namen ein",
    "Enter Subject":"Betreff eingeben",
    "Please Enter Message":"Bitte geben Sie eine Nachricht ein",
    "Password Changed Successfully":"Das Passwort wurde erfolgreich geändert",
    "Enter Valid Email Address":"Gültige E-Mail-Adresse eingeben",
    "Enter your Current Password":"Gib dein aktuelles Passwort ein",
    "Please check internet connection and try again":"Bitte überprüfen Sie die Internetverbindung und versuchen Sie es erneut",
    "Address Updated Successfully":"Adresse wurde erfolgreich aktualisiert",
    "Login first to set your profile picture":"Melden Sie sich zuerst an, um Ihr Profilbild einzustellen",
    "Information Updated Successfully":"Informationen wurden erfolgreich aktualisiert",
    "Something Went Wrong":"Etwas ist schief gelaufen",
    "Item Added to Your Cart Successfully":"Artikel, der Ihrem Einkaufswagen erfolgreich hinzugefügt wurde",
    "Please Go to Cart for Checkout":"Bitte gehen Sie zum Warenkorb zur Kasse",
    "Clear Filter":"Filter löschen",
    "THANK YOU":"DANKE",
    "Your Order is Placed Successfully.":"Ihre Bestellung wird erfolgreich platziert.",
    "You will notify in few Moments.":"Sie werden in wenigen Momenten benachrichtigen.",
    "6 Reasons Why You'll love Shopping with us":"6 Gründe warum Sie es lieben werden bei uns einzukaufen",
    "Version":"Version",
    "More about us":"Mehr über uns",
    "Follow Us":"Folge uns",
    "SEND":"SENDEN",
    "Subject":"Fach",
    "Message":"Nachricht",
    "items":"Artikel",
    "SET NEW PASSWORD":"NEUES PASSWORT SETZEN",
    "Confirm New Password":"Bestätige neues Passwort",
    "Now you can Enter new password.":"Jetzt können Sie ein neues Passwort eingeben.",
    "Enter PIN":"Pin eingeben",
    "Enter PIN that we have sent you in your registered Email address.":"Geben Sie die PIN ein, die wir Ihnen in Ihrer registrierten E-Mail-Adresse gesendet haben.",
    "Login":"Anmeldung",
    "No Any Product Available":"Kein Produkt verfügbar",
    "Browse some Other Item":"Durchsuchen Sie ein anderes Element",
    "Cart is Empty":"Einkaufswagen ist leer",
    "Simply browse and add item to cart.":"Einfach stöbern und Artikel in den Warenkorb legen.",
    "ADD BILLING ADDRESS":"RECHNUNGSADRESSE HINZUFÜGEN",
    "ADD SHIPPING ADDRESS":"LIEFERADRESSE HINZUFÜGEN",
    "ADD":"HINZUFÜGEN",
    "Please Add Address":"Bitte Adresse hinzufügen",
    "SAVED ADDRESSES":"GESPEICHERTE ADRESSEN",
    "CANCEL ORDER":"BESTELLUNG STORNIEREN",
    "Order":"Auftrag",
    "Order Detail":"Bestelldetails",
    "Product":"Produkt",
    "Total":"Gesamt",
    "Subtotal":"Zwischensumme",
    "Shipping":"Versand",
    "Payment Method":"Bezahlverfahren",
    "Customer Detail":"Kundendetails",
    "Email":"Email",
    "Phone":"Telefon",
    "Billing Address":"Rechnungsadresse",
    "Shipping Address":"Lieferanschrift",
    "Terms of Use":"Nutzungsbedingungen",
    "Terms & Conditions":"Terms & amp; Bedingungen",
    "Privacy Policy":"Datenschutz-Bestimmungen",
    "Contact Us":"Kontaktiere uns",
    "About Us":"Über uns",
    "Company":"Unternehmen",
    "Address1":"Adresse 1",
    "Address2":"Adresse 2",
    "Country":"Land",
    "Search":"Suche",
    "Rating":"Bewertung",
    "RECENTLY VIEWED PRODUCTS":"Kürzlich angesehene Produkte",
    "Order is Failed":"Bestellung ist fehlgeschlagen",
    "You are refunded for this order":"Bezahlung für dies Bestellung wird zurückerstattet",
    "Order is Cancelled":"Bestellung wird storniert",
    "Order is On-Hold":"Bestellung wird gehalten",
    "Order is Under Processing":"Auftrag ist in Bearbeitung",
    "Order is in Pending State":"Auftrag ist im ausstehend",
    "Delivered Soon":"Bald geliefert",
    "DESCRIPTION":"BESCHREIBUNG",
    "Out of Stock":"Ausverkauft",
    "SOFA":"SOFA",
    "BED":"BETT",
    "CHAIR":"SESSEL",
    "DINING":"ESSEN",
    "Sofa":"Sofa",
    "Chair":"Sessel",
    "Bed":"Bett",
    "Offers":"Bietet an",
    "Gift & Cards":"Geschenk & Karten",
    "Electronics":"Elektronik",
    "Home and Furniture":"Haus und Möbel",
    "Offers for You":"Angebote für Sie",
    "Fashion":"Mode",
    "Gift for love":"Geschenk für die Liebe",
    "TVs & Appliances":"Fernseher & Haushaltsgeräte",
    "Books & More":"Bücher & mehr",
    "Stores":"Geschäfte",
    "Mobile":"Mobile",
    "Television":"Fernsehen",
    "Audio & Video":"Audio und Video",
    "Laptops":"Laptops",
    "Desktop PCs":"Desktop PCs",
    "Tablets":"Tabletten",
    "Go":"Gehen",
    "Hot offer":"Heißes Angebot",
    "My Cart":"Mein Warenkorb",
    "Home":"Zuhause",
    "Account":"Konto",
    "Wish List":"Favoriten",
    "Welcome":"Herzlich Willkommen",
    "SIGN IN":"ANMELDEN",
    "SIGN UP":"ANMELDEN",
    "Shop Unlimited":"Shop unbegrenzt",
    "Sign up now and get upto 15 % discount on all of our products. Offer is valid for a very sort time.":"Melden Sie sich jetzt an und erhalten Sie bis zu 15% Rabatt auf alle unsere Produkte. Das Angebot gilt für eine sehr kurze Zeit.",
    "Username":"Benutzername",
    "E-mail":"Email",
    "Contact Number":"Kontakt Nummer",
    "Password":"Passwort",
    "Confirm Password":"Bestätige das Passwort",
    "Already have an account?":"Hast du schon ein Konto?",
    "Sign In Now":"Anmelden",
    "Sign Up Now":"Jetzt registrieren",
    "SIGN UP WITH FACEBOOK":"ANMELDEN MIT FACEBOOK",
    "SIGN UP WITH GOOGLE+":"REGISTRIEREN MIT GOOGLE +",
    "SIGN UP WITH EMAIL":"REGISTRIEREN SIE SICH MIT IHRER E-MAIL ADRESSE",
    "Welcome Back":"Willkommen zurück",
    "All new collection of cloths for men's, women's and kid's. Explore now!":"Alle neue Kollektion von Tüchern für Männer, Frauen und Kinder. Erkunde jetzt!",
    "Username or Email ID":"Benutzername oder E-Mail-ID",
    "Forgot Password?":"Passwort vergessen?",
    "New User? Register Now":"Neuer Benutzer? Jetzt registrieren",
    "OR":"ODER",
    "Reset your world":"Setze dein Passwort zurück",
    "It's often forgotten that password thing. Enter your email address below and click on the 'Request Password Reset' button. We will contact you shortly!":"ERROR",
    "Email ID":"E-Mail ID",
    "REQUEST PASSWORD RESET":"FORDERE PASSWORT-RESET AN",
    "Search for products":"Suche nach Produkten",
    "OFFER BY CATEGORIES":"ANGEBOT NACH KATEGORIEN",
    "View All":"Alle anzeigen",
    "SHOP WOMEN":"SHOP FRAUEN",
    "SHOP MEN":"SHOP MÄNNER",
    "SHOP KID'S":"SHOP KIDS",
    "SHOP APPLE'S":"SHOP APPLE'S",
    "WOMEN'S":"DAMEN",
    "MEN'S":"HERREN",
    "KID’S":"KIDS",
    "APPLE'S":"ÄPFEL",
    "Boots":"Stiefel",
    "Formals":"Formals",
    "Sports":"Sport",
    "Sneakers":"Turnschuhe",
    "Sandles":"Sandalen",
    "More..":"Mehr..",
    "CART":"Karte",
    "Payments:":"Zahlungen:",
    "Price Details:":"Preisdetails:",
    "Price":"Preis",
    "Delivery":"Lieferung",
    "Amount Payable":"Zahlbarer Betrag",
    "View price details":"Preisdetails anzeigen",
    "CONTINUE":"FORTSETZEN",
    "Phone Number":"Telefonnummer",
    "Address":"Adresse",
    "CHANGE ADDRESS":"ADRESSE ÄNDERN",
    "Credit / Debit / ATM Card":"Kredit- / Debit- / Bankomatkarte",
    "Net Banking":"Nettobanking",
    "Cash On Delivery":"Nachnahme",
    "EMI (Easy Installment)":"EMI (einfache Rate)",
    "Gift Card":"Geschenkkarte",
    "ACCOUNT":"Konto",
    "Sign Out":"Ausloggen",
    "Do you really want to sign out from your Account?":"Möchten Sie sich wirklich von Ihrem Konto abmelden?",
    "Cancel":"Stornieren",
    "Sure":"Sicher",
    "Clear History":"Historie löschen",
    "This permanently deletes your browse, search history from this device.":"Dadurch wird Ihr Such- und Suchverlauf dauerhaft von diesem Gerät gelöscht.",
    "Clear":"Löschen",
    "My Orders":"Meine Bestellungen",
    "My Wallet":"Mein Geldbeutel",
    "My Addresses":"Meine Adressen",
    "My Coupons":"Meine Gutscheine",
    "Rate the App":"Bewerten Sie die App",
    "Account settings":"Account Einstellungen",
    "WISH LIST":"Favoriten",
    "Wish list is Empty..!!":"Favoritenliste ist leer .. !!",
    "CONTINUE SHOPPING":"MIT DEM EINKAUFEN FORTFAHREN",
    "Sort By":"Sortiere nach",
    "Filter":"Filter",
    "Done":"Erledigt",
    "Popularity":"Popularität",
    "Price -- Low to High":"Preis niedrig bis hoch",
    "Price -- High to Low":"Preis - Hoch zu Niedrig",
    "Newest First":"Das neuste zuerst",
    "Number of Orders":"Anzahl der Bestellungen",
    "Availability:":"Verfügbarkeit:",
    "In Stock":"Auf Lager",
    "Size:":"Größe:",
    "Color:":"Farbe:",
    "Color":"Farbe",
    "Quick Overview:":"Schneller Überblick:",
    "Details":"Details",
    "Product Highlights":"Produkt Details",
    "More >":"Mehr>",
    "RATE AND WRITE A REVIEW":"BEWERTEN SIE DIESE PRODUKT",
    "ADD TO CART":"IN DEN WARENKORB LEGEN",
    "GO TO CART":"ZUM EINKAUFSWAGEN GEHEN",
    "Go to Cart":"Zum Einkaufskorb gehen",
    "BUY NOW":"DIREKT KAUFEN",
    "MY ORDERS":"Meine Bestellungen",
    "Gift Cards":"Geschenk-Gutschein",
    "Have you recieved a gift card?":"Haben Sie eine Geschenk-Gutschein erhalten?",
    "Add gift card":"Geschenkkarte hinzufügen",
    "Save your Credit / Debit Cards for faster Payments. Your cards are secure with us.":"Speichern Sie Ihre Kredit- / Debitkarten für schnellere Zahlungen. Ihre Karten sind bei uns sicher.",
    "ADD NEW ADDRESS":"Neue Adresse hinzufügen",
    "Add New Address":"Neue Adresse hinzufügen",
    "Name":"Name",
    "Pincode":"Pincode",
    "Landmark":"Wahrzeichen",
    "City":"Stadt",
    "State":"Bundesland",
    "Save":"Sichern",
    "No Rewards yet..!!":"Noch keine Belohnungen .. !!",
    "First Name":"Vorname",
    "Last Name":"Nachname",
    "Date of Birth":"Geburtsdatum",
    "Gender":"Geschlecht",
    "Mobile Number":"Handynummer",
    "Change Password":"Passwort ändern",
    "Deactive Account":"Inaktives Konto",
    "Old Password":"Altes Passwort",
    "Enter Current Password":"Aktuelles Passwort eingeben",
    "New Password":"Neues Kennwort",
    "Enter New Password":"Neues Passwort eingeben",
    "Retype Password":"Passwort erneut eingeben",
    "Retype New Password":"Neues Passwort erneut eingeben",
    "Enter your Password":"Geben Sie Ihr Passwort ein",
    "CONFIRM DEACTIVATION":"BESTÄTIGEN SIE DIE DEAKTIVIERUNG",
    "Updates":"Aktualisierungen",
    "No Notification yet":"Noch keine Benachrichtigung",
    "Simply browse , create a wish list or make a purchase.":"Einfach stöbern, eine Wunschliste erstellen oder einen Kauf tätigen.",
    "REMOVE ALL":"ALLES ENTFERNEN",
    "DEAL OF THE DAY":"Das heutige Sonderangebot",
    "MOST POPULAR PRODUCTS":"Beliebteste Produkte",
    "SHOP NOW":"Jetzt einkaufen",
    "Rate and Review the product based on your Experience.":"Bewerten Sie das Produkt",
    "Delivered":"Geliefert",
    "REMOVE":"ENTFERNEN",
    "EDIT":"BEARBEITEN",
    "Category":"Kategorie",
    "Brand":"Marke",
    "Colour":"Farbe",
    "Size":"Größe",
    "Occasion":"Gelegenheit",
    "Notification":"Benachrichtigung",
    "My Points":"Meine Punkte",
    "You have Points":"Du hast Punkte",
    "Points":"Punkte",
    "Date":"Datum",
    "Event":"Veranstaltung",
    "No Points Earned":"Keine Punkte verdient",
    "Purchase product and earn Points.":"Kaufe ein Produkt und verdiene Punkte.",
    "View":"Aussicht",
    "Your Order will be deliver soon":"Ihre Bestellung wird bald geliefert",
    "Email Address":"E-Mail-Addresse",
    
    "APPLY":"SICH BEWERBEN",
    "Please enter valid Coupon code":"Please enter valid Coupon code",
    "Have a Coupon?":"Haben Sie einen Gutschein?",
    "Enter Coupon Code":"Gutschein-Code eingeben",
    "Coupon added successfully to your cart":"Der Gutschein wurde erfolgreich in Ihren Warenkorb gelegt",
    "Coupon removed successfully from your cart":"Der Gutschein wurde erfolgreich aus Ihrem Warenkorb entfernt",
    
    "Tax":"MwSt",
    
    "Happy about your purchase! Let your friend know too!":"Ich freue mich über Ihren Einkauf! Lass es auch deinen Freund wissen!",
    "Share on:":"Teilen Sie auf:",
    "There was a problem sharing. Please try again!":"Es gab ein Problem beim Teilen. Bitte versuche es erneut!",
    "Store Locator":"Händlersuche",
    "STORE LOCATOR":"HÄNDLERSUCHE",
    "Twitter is not Installed":"Twitter ist nicht installiert",
    "Facebook Not Installed":"Facebook nicht installiert",
    "Your post has been successfully shared.":"Dein Beitrag wurde erfolgreich geteilt.",
    "Share App":"App teilen",
    "BLOG":"BLOG",
    "Read More":"Weiterlesen",
    "Sale ends in":"Verkauf endet in",
    "Download":"Herunterladen",
    "Remaining:":"Verbleibend:",
    "Expire:":"Verfallen:",
    "NEXT":"NÄCHSTER",
    "SKIP":"ÜBERSPRINGEN",
    "DONE":"ERLEDIGT",
    "View Detail":"Im Detail sehen",
    "Check":"Prüfen",
    "Enter Your Pincode":"Geben Sie Ihren Pincode ein",
    "Please Enter Valid Pincode":"Bitte geben Sie einen gültigen PIN-Code ein",
    "Pincode should not be blank.":"Der Pincode darf nicht leer sein.",
    "Delivery Date Help Text":"Hilfetext zum Lieferdatum",
    "Cash On Delivery":"Nachnahme",
    "Not Available":"Nicht verfügbar",
    "Available":"Verfügbar",
    "Available at":"Verfügbar um"
}
