{
    "Product is available to deliver at":"O produto está disponível para entrega em",
    "Product is not available to deliver at":"O produto não está disponível para entrega em",
    
    "OTP is sent again on":"OTP é enviado novamente em",
    "Verification Code":"Código de verificação",
    "Please type verification code sent to":"Por favor, digite o código de verificação enviado para",
    "Validate OTP":"Valide o OTP",
    "Resend OTP":"Reenviar OTP",
    
    "Wishlist":"Lista de Desejos",
    "This Combination doesn't exist. Choose another variant.":"Esta combinação não existe. Escolha outra variante.",
    "No product Available":"Nenhum produto disponível",
    "Simply browse and add item to wishList":"Basta navegar e adicionar item à wishlist",
    "E-Commerce App":"Consegui",
    "E-Commerce Application template, buy this code template from Codecanyon":"Modelo de aplicativo de comércio eletrônico, compre este modelo de código da Codecanyon",
    "Choose Items":"Escolha itens",
    "Choose item wherever you are with this application to make life easier":"Escolha o item onde quer que você esteja com este aplicativo para facilitar a vida",
    "Buy Item":"Comprar item",
    "Shop from thousand brands in the world from one application at throw away price":"Compre de mil marcas no mundo de uma aplicação a preço de descarte",
    "Skip":"Pular",
    "Next":"Próximo",
    "Got it":"Consegui",
    
    "CHECKOUT":"CONFIRA",
    "Personal Info":"Informação pessoal",
    "Address Detail":"Detalhe do endereço",
    "Your Order":"Seu pedido",
    "Payment Via":"Pagamento Via",
    
    "Address":"Endereço",
    "Postcode/ZIP":"Código de Endereçamento Postal / CEP",
    "Place Order":"Faça a encomenda",
    "Choose Country":"Escolha o país",
    "Choose State":"Escolha o estado",
    "Ship to a different address?":"Envie para um endereço diferente?",
    "Search for Country":"Pesquisar por país",
    
    "Please Enter First Name":"Por favor insira o primeiro nome",
    "Please Enter Last Name":"Por favor insira o sobrenome",
    "Please Enter Email":"Por favor insira o email",
    "Please Enter Valid Email":"Por favor, digite o email válido",
    "Please Enter PhoneNo":"Por favor, insira PhoneNo",
    "Please Enter Valid Number":"Por favor, insira o número válido",
    "Please Select Country First":"Por favor selecione primeiro país",
    "Please Select Country":"Por favor selecione o país",
    "Please Enter Address":"Por favor insira o endereço",
    "Please Enter City":"Por favor entre na cidade",
    "Please Enter State":"Por favor entre no estadoPor favor entre no estado",
    "Please Enter PostalCode":"Por favor, insira PostalCode",
    "Please Enter Valid PostalCode":"Por favor, digite válido PostalCode",
    "Please Select First Country In Different Address":"Por favor selecione primeiro país em endereço diferente",
    "Please Select Country In Different Address":"Por favor selecione primeiro país em endereço diferente",
    "Please Enter Address In Different Address":"Por favor, insira o endereço no endereço diferente",
    "Please Enter City  In Different Address":"Por favor, insira a cidade em endereços diferentes",
    "Please Enter State In Different Address":"Por favor, digite o estado no endereço diferente",
    "Please Enter PostalCode":"Please Enter PostalCode",
    "Please Enter Valid PostalCode":"Por favor, digite válido PostalCode",
    
    "Invalid Contact Number":"Número de Contato Inválido",
    "Search List is empty":"A lista de pesquisa está vazia",
    "Browse our store and take a look at other items to buy.":"Navegue pela nossa loja e confira outros itens para comprar.",
    
    "Choose Language":"Escolha o seu idioma",
    "No Order yet":"Ainda sem pedido",
    "Info:":"Info:",
    "WhatsApp is not installed on your device.":"O WhatsApp não está instalado no seu dispositivo.",
    "Type your message.":"Digite sua mensagem.",
    
    "ALL REVIEWS":"TODAS AS REVISÕES",
    "Related Product":"Produto relacionado",
    "Selected Product":"Produto Selecionado",
    "Recently Added Product":"Produto adicionado recentemente",
    
    "Only":"Somente",
    "quantity is available.":"quantidade está disponível.",
    
    "On":"Em",
    "Order Id":"ID do pedido",
    "was placed on":"foi colocado em",
    "and is currently":"e é atualmente",
    "© CiyaShop 2018 | All Rights Reserved":"© CiyaShop 2019 | Todos os direitos reservados.",
    "Camera":"Câmera",
    "Gallery":"Galeria",
    "Coupon Code is Copied to your Clipboard":"O código do cupom é copiado para sua área de transferência",
    "Item Added to your Wish List.":"Item adicionado à sua lista de desejos.",
    "Item Removed From your Wish List.":"Item removido da sua lista de desejos.",
    "Item isnot Removed From your Wish List.":"O item não é removido da sua lista de desejos.",
    "No Notification yet":"Nenhuma notificação ainda",
    "Simply browse , create a wish list or make a purchase.":"Basta navegar, criar uma lista de desejos ou fazer uma compra.",
    "GOOGLE+":"GOOGLE+",
    "FACEBOOK":"FACEBOOK",


    "Tracking number is":"Número de rastreamento é",
    "Choose Currency":"escolha a moeda",
    "Setting":"Configuração",
    "Permission for Notification denied. Please Allow from Settings.":"Permissão para notificação negada. Por favor, permita de configurações.",
    "Or sign up with":"Ou inscreva-se com",
    "Your review is awaiting approval":"Sua opinião está aguardando aprovação",
    "Add Star Rating":"Adicionar classificação por estrelas",
    "Enter Comment":"Insira o comentário",
    "Enter Name":"Insira o nome",
    "Comment":"Comente",
    "SUBMIT":"ENVIAR",
    "Review":"Reveja",
    "Rate Product":"Avaliar produto",
    "Coupon Code":"Código do cupom",
    "Scratch here to get coupon Code.":"Raspe aqui para obter o código do cupom.",
    "No Product Found":"Nenhum produto encontrado",
    "Seller Information:":"Informações do vendedor:",
    "Sold By":"Vendido por",
    "Contact Seller":"Contatar vendedor",
    "View Store":"Ver loja",
    "Other Products from this Vendor":"Outros produtos deste fornecedor",
    "Reviews for this Vendor":"Comentários para este Vendedor",

    "Reviews are not allowed for this Product":"Comentários não são permitidos para este Produto",
    "Please Enter Username":"Por favor insira o nome de usuário",
    "Enter Email address":"Insira o endereço de e-mail",
    "Enter Proper Email Address":"Digite o endereço de e-mail adequado",
    "Enter Your Contact Number":"Digite seu número de contato",
    "Enter Password":"Digite a senha",
    "Enter Confirm Password":"Digite Confirmar Senha",
    "Password and Confirm Password Does not match":"Senha e Confirmar Senha Não corresponde",
    "Your Password Updated Successfully":"Sua senha atualizada com sucesso",
    "Your Email address or password is not correct":"Seu endereço de e-mail ou senha não está correto",
    "Enter Pin that we have sent you in your Registered Email Address":"Digite Pin que lhe enviamos no seu endereço de e-mail registrado",
    "Entered PIN is not Correct":"O PIN inserido não está correto",
    "Enter your New Password":"Digite sua Nova Senha",
    "Enter New Password to Confirm":"Digite Nova Senha para Confirmar",
    "Provide Email Id to your Facebook account":"Forneça um ID de e-mail para sua conta do Facebook",
    "Provide Email Id to your Google account":"Forneça o ID do e-mail para sua conta do Google",
    "We do not found your Email Id":"Não encontramos sua ID de e-mail",
    "Your Account is deactivated successfully":"Sua conta está desativada com sucesso",
    "Message Sent":"Mensagem enviada",
    "Enter your name":"Digite seu nome",
    "Enter Subject":"Digite o assunto",
    "Please Enter Message":"Digite a mensagem",
    "Password Changed Successfully":"Senha alterada com sucesso",
    "Enter Valid Email Address":"Digite o endereço de e-mail válido",
    "Enter your Current Password":"Digite sua senha atual",
    "Please check internet connection and try again":"Verifique a conexão com a internet e tente novamente",
    "Address Updated Successfully":"Endereço atualizado com sucesso",
    "Login first to set your profile picture":"Faça o login primeiro para configurar sua foto de perfil",
    "Information Updated Successfully":"Informações atualizadas com sucesso",
    "Something Went Wrong":"Algo foi errado",
    "Item Added to Your Cart Successfully":"Item adicionado ao seu carrinho com sucesso",
    "Please Go to Cart for Checkout":"Por favor, vá para o carrinho para checkout",
    "Clear Filter":"Filtro limpo",
    "THANK YOU":"OBRIGADO",
    "Your Order is Placed Successfully.":"Sua ordem é colocada com sucesso.",
    "You will notify in few Moments.":"Você notificará em poucos momentos.",
    "6 Reasons Why You'll love Shopping with us":"6 razões pelas quais você vai adorar Compras com a gente",
    "Version":"Versão",
    "More about us":"Mais sobre nós",
    "Follow Us":"Siga-nos",
    "SEND":"ENVIAR",
    "Subject":"Sujeito",
    "Message":"mensagem",
    "items":"Unid",
    "SET NEW PASSWORD":"SET NEW PASSWORD",
    "Confirm New Password":"Confirme a nova senha",
    "Now you can Enter new password.":"Agora você pode inserir nova senha.",
    "Enter PIN":"Entrar no pino",
    "Enter PIN that we have sent you in your registered Email address.":"Digite o PIN que lhe enviamos no seu endereço de e-mail registrado.",
    "Login":"Entrar",
    "No Any Product Available":"Não existe qualquer produto disponível",
    "Browse some Other Item":"Procure algum outro item",
    "Cart is Empty":"O carrinho está vazio",
    "Simply browse and add item to cart.":"Basta navegar e adicionar item ao carrinho.",
    "ADD BILLING ADDRESS":"ADICIONAR ENDEREÇO ​​DE FISCALIZAÇÃO",
    "ADD SHIPPING ADDRESS":"ADICIONAR ENDEREÇO ​​DE TRANSPORTE",
    "ADD":"ADICIONAR",
    "Please Add Address":"Adicione Endereço",
    "SAVED ADDRESSES":"ENDEREÇOS SALVADOS",
    "CANCEL ORDER":"CANCELAR PEDIDO",
    "Order":"Ordem",
    "Order Detail":"Detalhes da encomenda",
    "Product":"produtos",
    "Total":"Total",
    "Subtotal":"Subtotal",
    "Shipping":"Remessa",
    "Payment Method":"Método de pagamento",
    "Customer Detail":"Detalhe do cliente",
    "Email":"O email",
    "Phone":"telefone",
    "Billing Address":"endereço de cobrança",
    "Shipping Address":"endereço de entrega",
    "Terms of Use":"Termos de uso",
    "Terms & Conditions":"termos e Condições",
    "Privacy Policy":"Política de Privacidade",
    "Contact Us":"Contate-Nos",
    "About Us":"Sobre nós",
    "Company":"Empresa",
    "Address1":"Endereço 1",
    "Address2":"Endereço 2",
    "Country":"País",
    "Search":"Pesquisa",
    "Rating":"Avaliação",
    "RECENTLY VIEWED PRODUCTS":"Produtos vistos recentemente",
    "Order is Failed":"O pedido é falhado",
    "You are refunded for this order":"Você é reembolsado por este pedido",
    "Order is Cancelled":"A ordem é cancelada",
    "Order is On-Hold":"O pedido está em espera",
    "Order is Under Processing":"O pedido está em processamento",
    "Order is in Pending State":"A ordem está em estado pendente",
    "Delivered Soon":"Entregue em breve",
    "DESCRIPTION":"DESCRIÇÃO",
    "Out of Stock":"Fora de estoque",
    "SOFA":"SOFÁ",
    "BED":"CAMA",
    "CHAIR":"CADEIRA",
    "DINING":"JANTAR",
    "Sofa":"Sofá",
    "Chair":"Cadeira",
    "Bed":"Cama",
    "Offers":"Ofertas",
    "Gift & Cards":"Cartões de presente",
    "Electronics":"Eletrônicos",
    "Home and Furniture":"Casa e Móveis",
    "Offers for You":"Ofertas para você",
    "Fashion":"moda",
    "Gift for love":"Presente para o amor",
    "TVs & Appliances":"TVs e aparelhos",
    "Books & More":"Livros e mais",
    "Stores":"Lojas",
    "Mobile":"Móvel",
    "Television":"Televisão",
    "Audio & Video":"Áudio vídeo",
    "Laptops":"Laptops",
    "Desktop PCs":"PCs de mesa",
    "Tablets":"Comprimidos",
    "Go":"Ir",
    "Hot offer":"Oferta quente",
    "My Cart":"Meu carrinho",
    "Home":"Casa",
    "Account":"Conta",
    "Wish List":"Lista de Desejos",
    "Welcome":"Bem vinda",
    "SIGN IN":"ASSINAR EM",
    "SIGN UP":"INSCREVER-SE",
    "Shop Unlimited":"Compre ilimitado",
    "Sign up now and get upto 15 % discount on all of our products. Offer is valid for a very sort time.":"Registe-se agora e obtenha até 15% de desconto em todos os nossos produtos. A oferta é válida por muito tempo de classificação.",
    "Username":"Nome de usuário",
    "E-mail":"O email",
    "Contact Number":"Número de contato",
    "Password":"Senha",
    "Confirm Password":"Confirme a Senha",
    "Already have an account?":"já tem uma conta?",
    "Sign In Now":"Faça seu login agora mesmo",
    "Sign Up Now":"Inscreva-se agora",
    "SIGN UP WITH FACEBOOK":"INSCREVA-SE COM FACEBOOK",
    "SIGN UP WITH GOOGLE+":"INSCRIÇÃO COM O GOOGLE +",
    "SIGN UP WITH EMAIL":"SE INSCREVA COM O EMAIL",
    "Welcome Back":"Bem vindo de volta",
    "All new collection of cloths for men's, women's and kid's. Explore now!":"Toda a nova coleção de panos para homens, mulheres e crianças. Explore agora!",
    "Username or Email ID":"Nome de usuário ou ID de email",
    "Forgot Password?":"Esqueceu a senha?",
    "New User? Register Now":"Novo usuário? Registrar agora",
    "OR":"OU",
    "Reset your world":"Redefinir sua senha",
    "It's often forgotten that password thing. Enter your email address below and click on the 'Request Password Reset' button. We will contact you shortly!":"ERROR",
    "Email ID":"Identificação do email",
    "REQUEST PASSWORD RESET":"SOLICITA O REINICUTO DA SENHA",
    "Search for products":"Procure produtos",
    "OFFER BY CATEGORIES":"OFERTA POR CATEGORIAS",
    "View All":"Ver tudo",
    "SHOP WOMEN":"COMPRAR MULHERES",
    "SHOP MEN":"SHOP MEN",
    "SHOP KID'S":"SHOP KID'S",
    "SHOP APPLE'S":"SHOP APPLE'S",
    "WOMEN'S":"MULHERES",
    "MEN'S":"MASCULINO",
    "KID’S":"KID'S",
    "APPLE'S":"APPLE'S",
    "Boots":"Chuteiras",
    "Formals":"Formais",
    "Sports":"Esportes",
    "Sneakers":"Tênis",
    "Sandles":"Sandles",
    "More..":"Mais..",
    "CART":"Carrinho",
    "Payments:":"Pagamentos:",
    "Price Details:":"Detalhes do preço:",
    "Price":"Preço",
    "Delivery":"Entrega",
    "Amount Payable":"Quantidade pagável",
    "View price details":"Ver detalhes do preço",
    "CONTINUE":"CONTINUAR",
    "Phone Number":"Número de telefone",
    "Address":"Endereço",
    "CHANGE ADDRESS":"ENDEREÇO ​​DE MUDANÇA",
    "Credit / Debit / ATM Card":"Cartão de crédito / débito / caixa eletrônico",
    "Net Banking":"Banca líquida",
    "Cash On Delivery":"Em dinheiro na entrega",
    "EMI (Easy Installment)":"EMI (instalação fácil)",
    "Gift Card":"Cartão Presente",
    "ACCOUNT":"Conta",
    "Sign Out":"Sair",
    "Do you really want to sign out from your Account?":"Você realmente deseja sair da sua Conta?",
    "Cancel":"Cancelar",
    "Sure":"Certo",
    "Clear History":"Apagar o histórico",
    "This permanently deletes your browse, search history from this device.":"Isso exclui permanentemente o seu historial de pesquisa, busca deste dispositivo.",
    "Clear":"Claro",
    "My Orders":"minhas ordens",
    "My Wallet":"Minha carteira",
    "My Addresses":"Meus Endereços",
    "My Coupons":"Meus cupons",
    "Rate the App":"Avalie o aplicativo",
    "Account settings":"Configurações da conta",
    "WISH LIST":"Lista de Desejos",
    "Wish list is Empty..!!":"A lista de desejos está vazia ... !!",
    "CONTINUE SHOPPING":"CONTINUE COMPRANDO",
    "Sort By":"Ordenar por",
    "Filter":"Filtro",
    "Done":"Feito",
    "Popularity":"Popularidade",
    "Price -- Low to High":"Preço - baixo para alto",
    "Price -- High to Low":"Preço - alto para baixo",
    "Newest First":"Mais novo primeiro",
    "Number of Orders":"Número de pedidos",
    "Availability:":"Disponibilidade:",
    "In Stock":"Em estoque",
    "Size:":"Tamanho:",
    "Color:":"Cor:",
    "Color":"Cor",
    "Quick Overview:":"Visão geral rápida:",
    "Details":"Detalhes",
    "Product Highlights":"Destaques do produto",
    "More >":"Mais>",
    "RATE AND WRITE A REVIEW":"CLASSIFIQUE E ESCREVA UMA REVISÃO",
    "ADD TO CART":"ADICIONAR AO CARRINHO",
    "GO TO CART":"IR AO CARRINHO",
    "Go to Cart":"Ir ao carro",
    "BUY NOW":"COMPRE",
    "MY ORDERS":"minhas ordens",
    "Gift Cards":"Cartões de presente",
    "Have you recieved a gift card?":"Você recebeu um cartão de presente?",
    "Add gift card":"Adicionar cartão de presente",
    "Save your Credit / Debit Cards for faster Payments. Your cards are secure with us.":"Salve seus cartões de crédito / débito para pagamentos mais rápidos. Suas cartas estão seguras conosco.",
    "ADD NEW ADDRESS":"Adicionar novo endereço",
    "Add New Address":"Adicionar novo endereço",
    "Name":"Nome",
    "Pincode":"Pincode",
    "Landmark":"Ponto de referência",
    "City":"Cidade",
    "State":"Estado",
    "Save":"Salve ",
    "No Rewards yet..!!":"Ainda não recompensas ... !!",
    "First Name":"Primeiro nome",
    "Last Name":"Último nome",
    "Date of Birth":"Data de nascimento",
    "Gender":"Gênero",
    "Mobile Number":"Número de celular",
    "Change Password":"Mudar senha",
    "Deactive Account":"Conta desativa",
    "Old Password":"Senha Antiga",
    "Enter Current Password":"Digite a senha atual",
    "New Password":"Nova senha",
    "Enter New Password":"Insira a nova senha",
    "Retype Password":"Redigite a senha",
    "Retype New Password":"Digite novamente a senha nova",
    "Enter your Password":"Coloque sua senha",
    "CONFIRM DEACTIVATION":"CONFIRMAR A DESACTIVAÇÃO",
    "Updates":"Atualizações",
    "No Notification yet":"Ainda não há notificação",
    "Simply browse , create a wish list or make a purchase.":"Basta navegar, criar uma lista de desejos ou fazer uma compra.",
    "REMOVE ALL":"DELETAR TUDO",
    "DEAL OF THE DAY":"Oferta Especial de Hoje",
    "MOST POPULAR PRODUCTS":"Produtos mais populares",
    "SHOP NOW":"Compre agora",
    "Rate and Review the product based on your Experience.":"Avalie e reveja o produto com base em sua experiência.",
    "Delivered":"Entregue",
    "REMOVE":"REMOVER",
    "EDIT":"EDITAR",
    "Category":"Categoria",
    "Brand":"Marca",
    "Colour":"Cor",
    "Size":"Tamanho",
    "Occasion":"Ocasião",
    "Notification":"Notificação",
    "My Points":"Meus pontos",
    "You have Points":"Você tem pontos",
    "Points":"Pontos",
    "Date":"Encontro",
    "Event":"Evento",
    "No Points Earned":"Nenhum ponto ganho",
    "Purchase product and earn Points.":"Compre produtos e ganhe pontos.",
    "View":"Visão",
    "Your Order will be deliver soon":"Seu pedido será entregue em breve",
    "Email Address":"Endereço de e-mail",
    
    "APPLY":"APLIQUE",
    "Please enter valid Coupon code":"Por favor, insira o código de cupom válido",
    "Have a Coupon?":"Tem um cupom?",
    "Enter Coupon Code":"Digite o código do cupom",
    "Coupon added successfully to your cart":"Cupom adicionado com sucesso ao seu carrinho",
    "Coupon removed successfully from your cart":"Cupom removido com sucesso do seu carrinho",
    
    "Tax":"Imposto",
    
    "Happy about your purchase! Let your friend know too!":"Feliz com sua compra! Deixe seu amigo saber também!",
    "Share on:":"Compartilhar no:",
    "There was a problem sharing. Please try again!":"Houve um problema no compartilhamento. Por favor, tente novamente!",
    "Store Locator":"Localizador de lojas",
    "STORE LOCATOR":"LOCALIZADOR DE LOJA",
    "Twitter is not Installed":"Twitter não está instalado",
    "Facebook Not Installed":"Facebook não instalado",
    "Your post has been successfully shared.":"Sua postagem foi compartilhada com sucesso.",
    "Share App":"Compartilhe o aplicativo",
    "BLOG":"BLOG",
    "Read More":"consulte Mais informação",
    "Sale ends in":"A venda termina em",
    "Download":"Baixar",
    "Remaining:":"Restante:",
    "Expire:":"Expirar:",
    "NEXT":"PRÓXIMO",
    "SKIP":"PULAR",
    "DONE":"FEITO",
    "View Detail":"Ver detalhes",
    "Check":"Verifica",
    "Enter Your Pincode":"Digite seu pincode",
    "Please Enter Valid Pincode":"Por favor, insira o Pincode válido",
    "Pincode should not be blank.":"O pincode não deve ficar em branco.",
    "Delivery Date Help Text":"Texto da Ajuda da Data de Entrega",
    "Cash On Delivery":"Dinheiro na entrega",
    "Not Available":"Não disponível",
    "Available":"acessível",
    "Available at":"Disponível em"
}
