{
    "Product is available to deliver at":"Продукт доступен для доставки по адресу",
    "Product is not available to deliver at":"Товар недоступен для доставки в",
    
    "OTP is sent again on":"OTP снова отправлен",
    "Verification Code":"Код подтверждения",
    "Please type verification code sent to":"Пожалуйста, введите проверочный код, отправленный на",
    "Validate OTP":"Проверить OTP",
    "Resend OTP":"Повторно отправить OTP",
    
    "Wishlist":"добавить в корзину",
    "This Combination doesn't exist. Choose another variant.":"Эта комбинация не существует. Выберите другой вариант.",
    "No product Available":"Нет доступных продуктов",
    "Simply browse and add item to wishList":"Просто найдите и добавьте элемент в wishList",
    "E-Commerce App":"Приложение электронной коммерции",
    "E-Commerce Application template, buy this code template from Codecanyon":"Шаблон приложения электронной коммерции, купите этот шаблон кода у Codecanyon",
    "Choose Items":"Выберите товары",
    "Choose item wherever you are with this application to make life easier":"Выберите приложение, где бы вы ни находились, с помощью этого приложения, чтобы облегчить жизнь",
    "Buy Item":"Купить вещь",
    "Shop from thousand brands in the world from one application at throw away price":"Sхоп тысячи брендов в мире из одного приложения по одноразовой цене",
    "Skip":"Пропускать",
    "Next":"следующий",
    "Got it":"Понял",
    
    "CHECKOUT":"ПРОВЕРЯТЬ, ВЫПИСЫВАТЬСЯ",
    "Personal Info":"Личная информация",
    "Address Detail":"Подробное описание адреса",
    "Your Order":"Твоя очередь",
    "Payment Via":"Оплата через",
    
    "Address":"Адрес",
    "Postcode/ZIP":"Почтовый индекс / Почтовый индекс",
    "Place Order":"Разместить заказ",
    "Choose Country":"Выберите страну",
    "Choose State":"Выберите штат",
    "Ship to a different address?":"Отправить на другой адрес?",
    "Search for Country":"Поиск по стране",
    
    "Please Enter First Name":"Пожалуйста, введите имя",
    "Please Enter Last Name":"Пожалуйста, введите фамилию",
    "Please Enter Email":"Пожалуйста, введите адрес электронной почты",
    "Please Enter Valid Email":"Введите действующий адрес электронной почты",
    "Please Enter PhoneNo":"Пожалуйста, введите PhoneNo",
    "Please Enter Valid Number":"Введите действительный номер",
    "Please Select Country First":"Выберите страну",
    "Please Select Country":"Выберите страну",
    "Please Enter Address":"Введите адрес",
    "Please Enter City":"Пожалуйста, введите город",
    "Please Enter State":"Пожалуйста, введите состояние",
    "Please Enter PostalCode":"Пожалуйста, введите PostalCode",
    "Please Enter Valid PostalCode":"Введите действительный почтовый код",
    "Please Select First Country In Different Address":"Выберите первую страну в другом адресе",
    "Please Select Country In Different Address":"Выберите страну в другом адресе",
    "Please Enter Address In Different Address":"Введите адрес в другом адресе",
    "Please Enter City  In Different Address":"Введите город в другом адресе",
    "Please Enter State In Different Address":"Введите состояние в другом адресе",
    "Please Enter PostalCode":"Пожалуйста, введите PostalCode",
    "Please Enter Valid PostalCode":"Введите действительный почтовый код",
    
    "Invalid Contact Number":"Недопустимый номер контакта",
    "Search List is empty":"Список поиска пуст",
    "Browse our store and take a look at other items to buy.":"Просмотрите наш магазин и посмотрите на другие предметы, чтобы купить.",
    
    "Choose Language":"Выберите язык",
    "No Order yet":"Нет заказа еще",
    "Info:":"Информация:",
    "WhatsApp is not installed on your device.":"WhatsApp не установлен на вашем устройстве.",
    "Type your message.":"Введите свое сообщение.",
    
    "ALL REVIEWS":"ВСЕ ОБЗОРЫ",
    "Related Product":"Producto relacionado",
    "Selected Product":"Выбранный продукт",
    "Recently Added Product":"Недавно добавленный продукт",
    
    "Only":"Только",
    "quantity is available.":"количество доступно.",

    "On":"На",
    "Order Id":"Номер заказа",
    "was placed on":"был помещен на",
    "and is currently":"и в настоящее время",
    "© CiyaShop 2018 | All Rights Reserved":"© CiyaShop 2019 | Все права защищены.",
    "Camera":"камера",
    "Gallery":"Галерея",
    "Coupon Code is Copied to your Clipboard":"Код купона копируется в буфер обмена",
    "Item Added to your Wish List.":"Пункт добавлен в ваш список пожеланий.",
    "Item Removed From your Wish List.":"Элемент удален из вашего списка пожеланий.",
    "Item isnot Removed From your Wish List.":"Товар не удаляется из вашего списка пожеланий.",
    "No Notification yet":"Пока нет уведомлений",
    "Simply browse , create a wish list or make a purchase.":"Просто просмотрите, создайте список пожеланий или сделайте покупку.",
    "GOOGLE+":"GOOGLE+",
    "FACEBOOK":"FACEBOOK",


    "Tracking number is":"Номер отслеживания",
    "Choose Currency":"Выберите Валюту",
    "Setting":"настройка",
    "Permission for Notification denied. Please Allow from Settings.":"Разрешение на уведомление отклонено. Разрешите из настроек.",
    "Or sign up with":"Или зарегистрируйтесь",
    "Your review is awaiting approval":"Ваш отзыв ожидает одобрения",
    "Add Star Rating":"Добавить звездный рейтинг",
    "Enter Comment":"Введите комментарий",
    "Enter Name":"Введите имя",
    "Comment":"Комментарий",
    "SUBMIT":"ОТПРАВИТЬ",
    "Review":"Обзор",
    "Rate Product":"Оценить продукт",
   "Coupon Code":"код купона",
    "Scratch here to get coupon Code.":"Поцарапайте здесь, чтобы получить код купона.",
    "No Product Found":"Не найдено продукта",
    "Seller Information:":"Информация о продавце:",
    "Sold By":"Продан",
    "Contact Seller":"Связаться с продавцом",
    "View Store":"Просмотреть магазин",
    "Other Products from this Vendor":"Другие товары этого продавца",
    "Reviews for this Vendor":"Отзывы об этом продавце",

    "Reviews are not allowed for this Product":"Отзывы не разрешены для этого продукта",
    "Please Enter Username":"Введите имя пользователя",
    "Enter Email address":"Введите адрес электронной почты",
    "Enter Proper Email Address":"Введите правильный адрес электронной почты",
    "Enter Your Contact Number":"Введите свой контактный номер",
    "Enter Password":"Введите пароль",
    "Enter Confirm Password":"Введите пароль подтверждения",
    "Password and Confirm Password Does not match":"Пароль и пароль подтверждения не совпадают",
    "Your Password Updated Successfully":"Ваш пароль успешно обновлен",
    "Your Email address or password is not correct":"Неправильный адрес электронной почты или пароль",
    "Enter Pin that we have sent you in your Registered Email Address":"Введите Pin, который мы отправили вам на ваш зарегистрированный адрес электронной почты",
    "Entered PIN is not Correct":"Введенный PIN-код не является правильным",
    "Enter your New Password":"Введите новый пароль",
    "Enter New Password to Confirm":"Введите новый пароль для подтверждения",
    "Provide Email Id to your Facebook account":"Введите идентификатор электронной почты в свою учетную запись Facebook",
    "Provide Email Id to your Google account":"Введите идентификатор электронной почты в свою учетную запись Google.",
    "We do not found your Email Id":"Мы не нашли ваш идентификатор электронной почты",
    "Your Account is deactivated successfully":"Ваша учетная запись успешно деактивирована",
    "Message Sent":"Сообщение отправлено",
    "Enter your name":"Введите ваше имя",
    "Enter Subject":"Введите тему",
    "Please Enter Message":"Пожалуйста, введите сообщение",
    "Password Changed Successfully":"Пароль успешно изменен",
    "Enter Valid Email Address":"Введите действительный адрес электронной почты",
    "Enter your Current Password":"Введи свой текущий пароль",
    "Please check internet connection and try again":"Проверьте подключение к Интернету и повторите попытку.",
    "Address Updated Successfully":"Адрес успешно обновлен",
    "Login first to set your profile picture":"Сначала войдите в свой профиль",
    "Information Updated Successfully":"Информация успешно обновлена",
    "Something Went Wrong":"Что-то пошло не так",
    "Item Added to Your Cart Successfully":"Элемент добавлен в корзину успешно",
    "Please Go to Cart for Checkout":"Пожалуйста, зайдите в корзину для оформления заказа",
    "Clear Filter":"Очистить фильтр",
    "THANK YOU":"СПАСИБО",
    "Your Order is Placed Successfully.":"Ваш заказ успешно размещен.",
    "You will notify in few Moments.":"Вы будете уведомлять через несколько Моментов.",
    "6 Reasons Why You'll love Shopping with us":"6 причин, почему вы будете любить покупки у нас",
    "Version":"Версия",
    "More about us":"Подробнее о нас",
    "Follow Us":"Подписывайтесь на нас",
    "SEND":"ОТПРАВИТЬ",
    "Subject":"Предмет",
    "Message":"Сообщение",
    "items":"Предметы",
    "SET NEW PASSWORD":"УСТАНОВИТЬ НОВЫЙ ПАРОЛЬ",
    "Confirm New Password":"Подтвердите новый пароль",
    "Now you can Enter new password.":"Теперь вы можете ввести новый пароль.",
    "Enter PIN":"Введите PIN-код",
    "Enter PIN that we have sent you in your registered Email address.":"Введите PIN-код, который мы отправили на ваш зарегистрированный адрес электронной почты.",
    "Login":"Авторизоваться",
    "No Any Product Available":"Нет доступных продуктов",
    "Browse some Other Item":"Просмотр некоторых других предметов",
    "Cart is Empty":"Корзина пуста",
    "Simply browse and add item to cart.":"Просто просмотрите и добавьте товар в корзину.",
    "ADD BILLING ADDRESS":"ADD BILLING ADDRESS",
    "ADD SHIPPING ADDRESS":"ДОБАВИТЬ АДРЕС ПЕРЕВОЗКИ",
    "ADD":"ДОБАВИТЬ",
    "Please Add Address":"Добавить адрес",
    "SAVED ADDRESSES":"СОХРАНЕННЫЕ АДРЕСА",
    "CANCEL ORDER":"ОТМЕНИТЬ ЗАКАЗ",
    "Order":"порядок",
    "Order Detail":"Детали заказа",
    "Product":"Продукт",
    "Total":"Всего",
    "Subtotal":"Промежуточный итог",
    "Shipping":"Перевозка",
    "Payment Method":"Способ оплаты",
    "Customer Detail":"Информация о клиенте",
    "Email":"Эл. адрес",
    "Phone":"Телефон",
    "Billing Address":"Платежный адрес",
    "Shipping Address":"Адрес доставки",
    "Terms of Use":"Условия эксплуатации",
    "Terms & Conditions":"Условия и положения",
    "Privacy Policy":"политика конфиденциальности",
    "Contact Us":"Свяжитесь с нами",
    "About Us":"О нас",
    "Company":"Компания",
    "Address1":"Адрес 1",
    "Address2":"Адрес 2",
    "Country":"Страна",
    "Search":"Поиск",
    "Rating":"Рейтинг",
    "RECENTLY VIEWED PRODUCTS":"Недавно просмотренные продукты",
    "Order is Failed":"Не удалось выполнить заказ",
    "You are refunded for this order":"Вы будете возвращены для этого заказа",
    "Order is Cancelled":"Заказ отменен",
    "Order is On-Hold":"Заказ находится в режиме ожидания",
    "Order is Under Processing":"Заказ находится в процессе обработки",
    "Order is in Pending State":"Заказ находится в состоянии ожидания",
    "Delivered Soon":"Скоро в продаже",
    "DESCRIPTION":"ОПИСАНИЕ",
    "Out of Stock":"Нет на складе",
    "SOFA":"ДИВАН",
    "BED":"ПОСТЕЛЬ",
    "CHAIR":"КРЕСЛО",
    "DINING":"СТОЛОВАЯ",
    "Sofa":"Диван",
    "Chair":"кресло",
    "Bed":"Постель",
    "Offers":"Предложения",
    "Gift & Cards":"Подарочные карты",
    "Electronics":"электроника",
    "Home and Furniture":"Дом и мебель",
    "Offers for You":"Предложения для вас",
    "Fashion":"мода",
    "Gift for love":"Подарок для любви",
    "TVs & Appliances":"Телевизоры и устройства",
    "Books & More":"Книги и многое другое",
    "Stores":"магазины",
    "Mobile":"мобильный",
    "Television":"телевидение",
    "Audio & Video":"Аудио Видео",
    "Laptops":"Ноутбуки",
    "Desktop PCs":"Настольные ПК",
    "Tablets":"таблетки",
    "Go":"Идти",
    "Hot offer":"Горячее предложение",
    "My Cart":"Моя тележка",
    "Home":"Главная",
    "Account":"Счет",
    "Wish List":"Список пожеланий",
    "Welcome":"желанный",
    "SIGN IN":"ВОЙТИ В СИСТЕМУ",
    "SIGN UP":"ЗАРЕГИСТРИРОВАТЬСЯ",
    "Shop Unlimited":"Магазин Неограниченный",
    "Sign up now and get upto 15 % discount on all of our products. Offer is valid for a very sort time.":"Зарегистрируйтесь сейчас и получите скидку до 15% на все наши продукты. Предложение действительно в очень удобное время.",
    "Username":"имя пользователя",
    "E-mail":"Эл. почта",
    "Contact Number":"Контактный номер",
    "Password":"пароль",
    "Confirm Password":"Подтвердите Пароль",
    "Already have an account?":"У вас уже есть учетная запись?",
    "Sign In Now":"Вход в систему",
    "Sign Up Now":"Зарегистрироваться сейчас",
    "SIGN UP WITH FACEBOOK":"ПОДПИСАТЬСЯ С FACEBOOK",
    "SIGN UP WITH GOOGLE+":"ПОДПИСАТЬСЯ С GOOGLE +",
    "SIGN UP WITH EMAIL":"ПОДПИСАТЬСЯ С ЭЛЕКТРОННОЙ ПОЧТОЙ",
    "Welcome Back":"Добро пожаловать назад",
    "All new collection of cloths for men's, women's and kid's. Explore now!":"Вся новая коллекция тканей для мужских, женских и детских. Исследуйте сейчас!",
    "Username or Email ID":"Имя пользователя или идентификатор электронной почты",
    "Forgot Password?":"Забыли пароль?",
    "New User? Register Now":"Новый пользователь? Зарегистрируйтесь сейчас",
    "OR":"ИЛИ",
    "Reset your world":"Сбросить пароль",
    "It's often forgotten that password thing. Enter your email address below and click on the 'Request Password Reset' button. We will contact you shortly!":"Часто забывают о пароле. Введите свой адрес электронной почты ниже и нажмите кнопку «Запрос пароля». Мы скоро с Вами свяжемся!",
    "Email ID":"Email ID",
    "REQUEST PASSWORD RESET":"ЗАПРОСИТЬ ПАРОЛЬ СБРОС",
    "Search for products":"Поиск продуктов",
    "OFFER BY CATEGORIES":"ПРЕДЛОЖЕНИЕ ПО КАТЕГОРИЯМ",
    "View All":"Посмотреть все",
    "SHOP WOMEN":"ТОРГОВЫЕ ЖЕНЩИНЫ",
    "SHOP MEN":"МАГАЗИНЫ",
    "SHOP KID'S":"МАГАЗИН KID'S",
    "SHOP APPLE'S":"МАГАЗИН APPLE'S",
    "WOMEN'S":"ЖЕНСКИЙ",
    "MEN'S":"МУЖСКОЙ",
    "KID’S":"ДЕТИ",
    "APPLE'S":"APPLE'S",
    "Boots":"ботинки",
    "Formals":"формалей",
    "Sports":"Виды спорта",
    "Sneakers":"кроссовки",
    "Sandles":"сандалии",
    "More..":"Больше..",
    "CART":"телега",
    "Payments:":"Оплата:",
    "Price Details:":"Детали цены:",
    "Price":"Цена",
    "Delivery":"Доставка",
    "Amount Payable":"Подлежащая уплате сумма",
    "View price details":"Подробнее о ценах",
    "CONTINUE":"ПРОДОЛЖАТЬ",
    "Phone Number":"Номер телефона",
    "Address":"Адрес",
    "CHANGE ADDRESS":"СМЕНИТЬ АДРЕС",
    "Credit / Debit / ATM Card":"Кредитная / Дебетовая / ATM-карта",
    "Net Banking":"Net Banking",
    "Cash On Delivery":"Оплата при доставке",
    "EMI (Easy Installment)":"EMI (простая установка)",
    "Gift Card":"Подарочная карта",
    "ACCOUNT":"Счет",
    "Sign Out":"Выход",
    "Do you really want to sign out from your Account?":"Вы действительно хотите выйти из своей учетной записи?",
    "Cancel":"Отмена",
    "Sure":"Конечно",
    "Clear History":"Чистая история",
    "This permanently deletes your browse, search history from this device.":"Это постоянно удаляет ваш просмотр, историю поиска с этого устройства.",
    "Clear":"Очистить",
    "My Orders":"мои заказы",
    "My Wallet":"Мой бумажник",
    "My Addresses":"Мои адреса",
    "My Coupons":"Мои купоны",
    "Rate the App":"Оценить приложение",
    "Account settings":"Настройки аккаунта",
    "WISH LIST":"Список пожеланий",
    "Wish list is Empty..!!":"Список желаний пуст. !!",
    "CONTINUE SHOPPING":"ПРОДОЛЖИТЬ ПОКУПКИ",
    "Sort By":"Сортировать по",
    "Filter":"Фильтр",
    "Done":"Готово",
    "Popularity":"популярность",
    "Price -- Low to High":"Цена - от низкого до высокого",
    "Price -- High to Low":"Цена - от высокой к низкой",
    "Newest First":"Новички вперед",
    "Number of Orders":"Количество заказов",
    "Availability:":"Доступность:",
    "In Stock":"В наличии",
    "Size:":"Размер:",
    "Color:":"Цвет:",
    "Color":"Цвет",
    "Quick Overview:":"Краткая информация:",
    "Details":"Детали",
    "Product Highlights":"Основные продукты",
    "More >":"Подробнее>",
    "RATE AND WRITE A REVIEW":"СТАВКА И НАПИСАТЬ ОБЗОР",
    "ADD TO CART":"ДОБАВИТЬ В КОРЗИНУ",
    "GO TO CART":"Перейти на страницу",
    "Go to Cart":"Перейти в корзину",
    "BUY NOW":"КУПИ СЕЙЧАС",
    "MY ORDERS":"мои заказы",
    "Gift Cards":"Подарочные карты",
    "Have you recieved a gift card?":"Получили ли вы подарочную карту?",
    "Add gift card":"Добавить подарочную карту",
    "Save your Credit / Debit Cards for faster Payments. Your cards are secure with us.":"Сохраните свои кредитные / дебетовые карты для более быстрой оплаты. Ваши карты защищены вместе с нами.",
    "ADD NEW ADDRESS":"Добавить новый адрес",
    "Add New Address":"Добавить новый адрес",
    "Name":"имя",
    "Pincode":"Пин-код",
    "Landmark":"веха",
    "City":"город",
    "State":"состояние",
    "Save":"Сохранить",
    "No Rewards yet..!!":"Нет вознаграждений еще .. !!",
    "First Name":"Имя",
    "Last Name":"Фамилия",
    "Date of Birth":"Дата рождения",
    "Gender":"Пол",
    "Mobile Number":"Мобильный номер",
    "Change Password":"Изменить пароль",
    "Deactive Account":"Deactive Account",
    "Old Password":"Старый пароль",
    "Enter Current Password":"Введите текущий пароль",
    "New Password":"новый пароль",
    "Enter New Password":"Введите новый пароль",
    "Retype Password":"Повторите ввод пароля",
    "Retype New Password":"Введите повторно новый пароль",
    "Enter your Password":"Введите ваш пароль",
    "CONFIRM DEACTIVATION":"ПОДТВЕРЖДЕНИЕ ДЕАКТИВИРОВАНИЯ",
    "Updates":"Обновления",
    "No Notification yet":"Пока нет уведомлений",
    "Simply browse , create a wish list or make a purchase.":"Просто просмотрите, создайте список пожеланий или сделайте покупку.",
    "REMOVE ALL":"УБРАТЬ ВСЕ",
    "DEAL OF THE DAY":"Сегодняшнее специальное предложение",
    "MOST POPULAR PRODUCTS":"Самые популярные продукты",
    "SHOP NOW":"Магазин сейчас",
    "Rate and Review the product based on your Experience.":"Оцените и просмотрите продукт на основе вашего опыта.",
    "Delivered":"доставлен",
    "REMOVE":"УДАЛИТЬ",
    "EDIT":"РЕДАКТИРОВАТЬ",
    "Category":"категория",
    "Brand":"марка",
    "Colour":"Цвет",
    "Size":"Размер",
    "Occasion":"Повод",
    "Notification":"уведомление",
    "My Points":"Мои очки",
    "You have Points":"У вас есть очки",
    "Points":"Точки",
    "Date":"Дата",
    "Event":"Мероприятие",
    "No Points Earned":"Нет очков заработанных",
    "Purchase product and earn Points.":"Покупайте товар и зарабатывайте очки.",
    "View":"Посмотреть",
    "Your Order will be deliver soon":"Ваш заказ скоро будет доставлен",
    "Email Address":"Адрес электронной почты",
    
    "APPLY":"ПРИМЕНЯТЬ",
    "Please enter valid Coupon code":"Пожалуйста, введите действительный код купона",
    "Have a Coupon?":"Есть купон?",
    "Enter Coupon Code":"Введите код купона",
    "Coupon added successfully to your cart":"Купон успешно добавлен в вашу корзину",
    "Coupon removed successfully from your cart":"Купон успешно удален из вашей корзины",
    
    "Tax":"налог",
    
    "Happy about your purchase! Let your friend know too!":"Доволен покупкой! Сообщите своему другу тоже!",
    "Share on:":"Поделись:",
    "There was a problem sharing. Please try again!":"Была проблема с обменом. Пожалуйста, попробуйте еще раз!",
    "Store Locator":"Магазин Локатор",
    "STORE LOCATOR":"МАГАЗИН МАГАЗИН",
    "Twitter is not Installed":"Твиттер не установлен",
    "Facebook Not Installed":"Facebook не установлен",
    "Your post has been successfully shared.":"Ваш пост был успешно опубликован.",
    "Share App":"Поделиться приложением",
    "BLOG":"БЛОГ",
    "Read More":"Прочитайте больше",
    "Sale ends in":"Продажа заканчивается в",
    "Download":"Скачать",
    "Remaining:":"Остальной:",
    "Expire:":"Удалено:",
    "NEXT":"СЛЕДУЮЩИЙ",
    "SKIP":"ПРОПУСКАТЬ",
    "DONE":"СДЕЛАННЫЙ",
    "View Detail":"Посмотреть детали",
    "Check":"Проверьте",
    "Enter Your Pincode":"Введите свой пин-код",
    "Please Enter Valid Pincode":"Пожалуйста, введите правильный пин-код",
    "Pincode should not be blank.":"Пин-код не должен быть пустым.",
    "Delivery Date Help Text":"Дата доставки Текст справки",
    "Cash On Delivery":"Оплата при доставке",
    "Not Available":"Недоступен",
    "Available":"Имеется в наличии",
    "Available at":"Можно купить в"
}
