{
    "Product is available to deliver at":"El producto está disponible para entregar en",
    "Product is not available to deliver at":"El producto no está disponible para entregar en",
    
    "OTP is sent again on":"OTP se envía de nuevo en",
    "Verification Code":"Código de verificación",
    "Please type verification code sent to":"Por favor escriba el código de verificación enviado a",
    "Validate OTP":"Validar OTP",
    "Resend OTP":"Reenviar OTP",
    
    "Wishlist":"Lista de deseos",
    "This Combination doesn't exist. Choose another variant.":"Esta combinación no existe. Elige otra variante.",
    "No product Available":"No hay producto disponible",
    "Simply browse and add item to wishList":"Simplemente navegue y agregue el artículo a wishList",
    "E-Commerce App":"Aplicación de comercio electrónico",
    "E-Commerce Application template, buy this code template from Codecanyon":"Plantilla de aplicación de comercio electrónico, compre esta plantilla de código de Codecanyon",
    "Choose Items":"Elegir artículos",
    "Choose item wherever you are with this application to make life easier":"Elija el elemento donde quiera que esté con esta aplicación para hacer la vida más fácil",
    "Buy Item":"Comprar articulo",
    "Shop from thousand brands in the world from one application at throw away price":"Compre desde mil marcas en el mundo desde una aplicación a un precio desechable",
    "Skip":"Omitir",
    "Next":"Siguiente",
    "Got it":"Lo tengo",
    
    "CHECKOUT":"REVISA",
    "Personal Info":"Información personal",
    "Address Detail":"Detalle de dirección",
    "Your Order":"Su pedido",
    "Payment Via":"Pago vía",
    
    "Address":"Dirección",
    "Postcode/ZIP":"Código postal",
    "Place Order":"Realizar pedido",
    "Choose Country":"Elige país",
    "Choose State":"Elegir estado",
    "Ship to a different address?":"¿Envia a una direccion diferente?",
    "Search for Country":"Buscar pais",
    
    "Please Enter First Name":"Por favor ingrese el primer nombre",
    "Please Enter Last Name":"Por favor ingrese el apellido",
    "Please Enter Email":"Por favor ingrese su email",
    "Please Enter Valid Email":"Por favor introduzca un correo electrónico válido",
    "Please Enter PhoneNo":"Por favor ingrese PhoneNo",
    "Please Enter Valid Number":"Por favor ingrese un número válido",
    "Please Select Country First":"Por favor, seleccione el país primero",
    "Please Select Country":"Por favor seleccione país",
    "Please Enter Address":"Por favor, introduzca la dirección",
    "Please Enter City":"Por favor ingrese la ciudad",
    "Please Enter State":"Por favor ingrese el estado",
    "Please Enter PostalCode":"Por favor ingrese el código postal",
    "Please Enter Valid PostalCode":"Por favor ingrese el código postal válido",
    "Please Select First Country In Different Address":"Seleccione el primer país en una dirección diferente",
    "Please Select Country In Different Address":"Por favor seleccione el país en una dirección diferente",
    "Please Enter Address In Different Address":"Por favor ingrese la dirección en una dirección diferente",
    "Please Enter City In Different Address":"Por favor ingrese la ciudad en una dirección diferente",
    "Please Enter State In Different Address":"Por favor ingrese el estado en una dirección diferente",
    "Please Enter PostalCode":"Por favor ingrese el código postal",
    "Please Enter Valid PostalCode":"Por favor ingrese el código postal válido",
    
    "Invalid Contact Number":"Número de contacto no válido",
    "Search List is empty":"La lista de búsqueda está vacía",
    "Browse our store and take a look at other items to buy.":"Navegue por nuestra tienda y eche un vistazo a otros artículos para comprar.",
    
    "Choose Language":"Elige lengua",
    "No Order yet":"Sin orden todavía",
    "Info:":"Información:",
    "WhatsApp is not installed on your device.":"WhatsApp no ​​está instalado en su dispositivo.",
    "Type your message.":"Escribe tu mensaje.",
    
    "ALL REVIEWS":"TODAS LAS OPINIONES",
    "Related Product":"Producto relacionado",
    "Selected Product":"Producto seleccionado",
    "Recently Added Product":"Producto recientemente agregado",
    
    "Only":"Solamente",
    "quantity is available.":"la cantidad está disponible.",

    "On":"En",
    "Order Id":"Solicitar ID",
    "was placed on":"fue colocado en",
    "and is currently":"y es actualmente",
    "© CiyaShop 2018 | All Rights Reserved":"© CiyaShop 2019 | Todos los derechos reservados.",
    "Camera":"Cámara",
    "Gallery":"Galería",
    "Coupon Code is Copied to your Clipboard":"El código de cupón se copia a su portapapeles",
    "Item Added to your Wish List.":"Artículo agregado a su lista de deseos.",
    "Item Removed From your Wish List.":"Artículo eliminado de su lista de deseos.",
    "Item isnot Removed From your Wish List.":"El artículo no se elimina de su lista de deseos.",
    "No Notification yet":"Sin notificación aún",
    "Simply browse , create a wish list or make a purchase.":"Simplemente navegue, cree una lista de deseos o haga una compra.",
    "GOOGLE+":"GOOGLE +",
    "FACEBOOK":"FACEBOOK",


    "Tracking number is":"El número de seguimiento es",
    "Choose Currency":"Elegir Moneda",
    "Setting":"Ajuste",
    "Permission for Notification denied. Please Allow from Settings.":"Permiso para la notificación denegada. Permitir desde la configuración",
    "Or sign up with":"O regístrate con",
    "Your review is awaiting approval":"Tu opinión está pendiente de aprobación",
    "Add Star Rating":"Añadir clasificación por estrellas",
    "Enter Comment":"Ingrese el comentario",
    "Enter Name":"Ingrese su nombre",
    "Comment":"Kommentar",
    "SUBMIT":"ENVIAR",
    "Review":"revisión",
    "Rate Product":"Valorar producto",
    "Coupon Code":"Código promocional",
    "Scratch here to get coupon Code.":"Rasca aquí para obtener el código de cupón.",
    "No Product Found":"No se encontró producto",
    "Seller Information:":"Información del vendedor:",
    "Sold By":"Vendido por",
    "Contact Seller":"Contacte al vendedor",
    "View Store":"Ver Tienda",
    "Other Products from this Vendor":"Otros productos de este vendedor",
    "Reviews for this Vendor":"Opiniones para este vendedor",

    "Reviews are not allowed for this Product":"Los comentarios no están permitidos para este producto",
    "Please Enter Username":"Por favor ingrese el nombre de usuario",
    "Enter Email address":"Introducir la dirección de correo electrónico",
    "Enter Proper Email Address":"Ingrese la dirección de correo electrónico adecuada",
    "Enter Your Contact Number":"Ingrese su número de contacto",
    "Enter Password":"Introducir la contraseña",
    "Enter Confirm Password":"Ingresa Confirmar contraseña",
    "Password and Confirm Password Does not match":"Contraseña y confirmar contraseña no coincide",
    "Your Password Updated Successfully":"Su contraseña actualizada con éxito",
    "Your Email address or password is not correct":"Su dirección de correo electrónico o contraseña no es correcta",
    "Enter Pin that we have sent you in your Registered Email Address":"Ingrese el PIN que le enviamos en su dirección de correo electrónico registrada",
    "Entered PIN is not Correct":"PIN ingresado no es correcto",
    "Enter your New Password":"Introduzca su nueva contraseña",
    "Enter New Password to Confirm":"Ingrese una nueva contraseña para confirmar",
    "Provide Email Id to your Facebook account":"Proporcione ID de correo electrónico a su cuenta de Facebook",
    "Provide Email Id to your Google account":"Proporcione ID de correo electrónico a su cuenta de Google",
    "We do not found your Email Id":"No encontramos su ID de correo electrónico",
    "Your Account is deactivated successfully":"Su cuenta está desactivada con éxito",
    "Message Sent":"Mensaje enviado",
    "Enter your name":"Introduzca su nombre",
    "Enter Subject":"Ingresar Asunto",
    "Please Enter Message":"Por favor ingrese el mensaje",
    "Password Changed Successfully":"Contraseña cambiada con éxito",
    "Enter Valid Email Address":"Ingrese la dirección de correo electrónico válida",
    "Enter your Current Password":"Introduce tu contraseña actual",
    "Please check internet connection and try again":"Por favor, compruebe la conexión a Internet y vuelva a intentarlo",
    "Address Updated Successfully":"Dirección actualizada con éxito",
    "Login first to set your profile picture":"Inicia sesión primero para configurar tu foto de perfil",
    "Information Updated Successfully":"Información actualizada con éxito",
    "Something Went Wrong":"Algo salió mal",
    "Item Added to Your Cart Successfully":"Artículo agregado a su carrito con éxito",
    "Please Go to Cart for Checkout":"Por favor, vaya al carro para pagar",
    "Clear Filter":"Filtro claro",
    "THANK YOU":"GRACIAS",
    "Your Order is Placed Successfully.":"Su orden se coloca con éxito.",
    "You will notify in few Moments.":"Lo notificará en unos pocos momentos.",
    "6 Reasons Why You'll love Shopping with us":"6 razones por las que te encantará comprar con nosotros",
    "Version":"Versión",
    "More about us":"Más acerca de nosotros",
    "Follow Us":"Síguenos",
    "SEND":"ENVIAR",
    "Subject":"Tema",
    "Message":"Mensaje",
    "items":"artículos",
    "SET NEW PASSWORD":"ESTABLECER NUEVA CONTRASEÑA",
    "Confirm New Password":"Confirmar nueva contraseña",
    "Now you can Enter new password.":"Ahora puedes ingresar una nueva contraseña.",
    "Enter PIN":"Ingrese su PIN",
    "Enter PIN that we have sent you in your registered Email address.":"Ingrese el PIN que le hemos enviado en su dirección de correo electrónico registrada.",
    "Login":"Iniciar sesión",
    "No Any Product Available":"No hay ningún producto disponible",
    "Browse some Other Item":"Buscar algún otro artículo",
    "Cart is Empty":"El carrito esta vacío",
    "Simply browse and add item to cart.":"Simplemente navega y agrega el artículo al carrito.",
    "ADD BILLING ADDRESS":"AGREGAR DIRECCIÓN DE FACTURACIÓN",
    "ADD SHIPPING ADDRESS":"AÑADA DIRECCIÓN DE ENVÍO",
    "ADD":"AÑADIR",
    "Please Add Address":"Por favor agregue dirección",
    "SAVED ADDRESSES":"DIRECCIONES GUARDADAS",
    "CANCEL ORDER":"CANCELAR ORDEN",
    "Order":"Orden",
    "Order Detail":"Detalle de la orden",
    "Product":"Producto",
    "Total":"Total",
    "Subtotal":"Total parcial",
    "Shipping":"Envío",
    "Payment Method":"Método de pago",
    "Customer Detail":"Detalle del cliente",
    "Email":"Email",
    "Phone":"Teléfono",
    "Billing Address":"Dirección de Envio",
    "Shipping Address":"Dirección de Envío",
    "Terms of Use":"Términos de Uso",
    "Terms & Conditions":"Términos y condiciones",
    "Privacy Policy":"Política de privacidad",
    "Contact Us":"Contáctenos",
    "About Us":"Sobre nosotros",
    "Company":"Empresa",
    "Address1":"Dirección 1",
    "Address2":"Dirección 2",
    "Country":"País",
    "Search":"Buscar",
    "Rating":"Clasificación",
    "RECENTLY VIEWED PRODUCTS":"productos vistos recientemente",
    "Order is Failed":"El pedido ha fallado",
    "You are refunded for this order":"Usted es reembolsado por esta orden",
    "Order is Cancelled":"El orden esta cancelado",
    "Order is On-Hold":"El pedido está en espera",
    "Order is Under Processing":"El pedido está en proceso",
    "Order is in Pending State":"El orden está en estado pendiente",
    "Delivered Soon":"Entregado pronto",
    "DESCRIPTION":"DESCRIPCIÓN",
    "Out of Stock":"Agotado",
    "SOFA":"SOFÁ",
    "BED":"CAMA",
    "CHAIR":"SILLA",
    "DINING":"COMIDA",
    "Sofa":"Sofá",
    "Chair":"Silla",
    "Bed":"Cama",
    "Offers":"Ofertas",
    "Gift & Cards":"Regalo y tarjetas",
    "Electronics":"Electrónica",
    "Home and Furniture":"Hogar y Muebles",
    "Offers for You":"Ofertas para usted",
    "Fashion":"Moda",
    "Gift for love":"Regalo por amor",
    "TVs & Appliances":"TV y electrodomésticos",
    "Books & More":"Libros y más",
    "Stores":"Víveres",
    "Mobile":"Móvil",
    "Television":"Televisión",
    "Audio & Video":"Audio Video",
    "Laptops":"Portátiles",
    "Desktop PCs":"PC de escritorio",
    "Tablets":"Tabletas",
    "Go":"Ir",
    "Hot offer":"Oferta caliente",
    "My Cart":"Mi carrito",
    "Home":"Casa",
    "Account":"Cuenta",
    "Wish List":"Lista de deseos",
    "Welcome":"Bienvenido",
    "SIGN IN":"REGISTRARSE",
    "SIGN UP":"REGÍSTRATE",
    "Shop Unlimited":"Compre Ilimitado",
    "Sign up now and get upto 15 % discount on all of our products. Offer is valid for a very sort time.":"Regístrese ahora y obtenga hasta 15% de descuento en todos nuestros productos. La oferta es válida por un tiempo muy ordenado.",
    "Username":"Nombre de usuario",
    "E-mail":"Email",
    "Contact Number":"Número de contacto",
    "Password":"Contraseña",
    "Confirm Password":"Confirmar contraseña",
    "Already have an account?":"¿Ya tienes una cuenta?",
    "Sign In Now":"Regístrate",
    "Sign Up Now":"Regístrese ahora",
    "SIGN UP WITH FACEBOOK":"REGISTRATE CON FACEBOOK",
    "SIGN UP WITH GOOGLE+":"REGÍSTRESE CON GOOGLE +",
    "SIGN UP WITH EMAIL":"INGRESA CON E-MAIL",
    "Welcome Back":"Dar una buena acogida",
    "All new collection of cloths for men's, women's and kid's. Explore now!":"Toda la nueva colección de telas para hombres, mujeres y niños. ¡Explora ahora!",
    "Username or Email ID":"Nombre de usuario o ID de correo electrónico",
    "Forgot Password?":"¿Se te olvidó tu contraseña?",
    "New User? Register Now":"¿Nuevo usuario? Regístrate ahora",
    "OR":"O",
    "Reset your world":"Restablecer su contraseña",
    "It's often forgotten that password thing. Enter your email address below and click on the 'Request Password Reset' button. We will contact you shortly!":"A menudo se olvida lo de la contraseña. Ingrese su dirección de correo electrónico a continuación y haga clic en el botón 'Solicitar restablecimiento de contraseña'. ¡Nos contactaremos con usted en breve!",
    "Email ID":"Identificación de correo",
    "REQUEST PASSWORD RESET":"PETICIÓN PARA LA RECUPERACIÓN DE CONTRASEÑA",
    "Search for products":"Buscar productos",
    "OFFER BY CATEGORIES":"OFERTA POR CATEGORÍAS",
    "View All":"Ver todo",
    "SHOP WOMEN":"TIENDA MUJER",
    "SHOP MEN":"TIENDA HOMBRE",
    "SHOP KID'S":"SHOP KID'S",
    "SHOP APPLE'S":"COMPRAR MANZANA",
    "WOMEN'S":"DE LAS MUJERES",
    "MEN'S":"DE LOS HOMBRES",
    "KID’S":"NIÑOS",
    "APPLE'S":"APPLE",
    "Boots":"Botas",
    "Formals":"Formales",
    "Sports":"Deportes",
    "Sneakers":"Zapatillas",
    "Sandles":"Sandles",
    "More..":"Más..",
    "CART":"Carro",
    "Payments:":"Pagos:",
    "Price Details:":"Detalles del precio:",
    "Price":"Precio",
    "Delivery":"Entrega",
    "Amount Payable":"Cantidad pagable",
    "View price details":"Ver detalles del precio",
    "CONTINUE":"CONTINUAR",
    "Phone Number":"Número de teléfono",
    "Address":"Dirección",
    "CHANGE ADDRESS":"CAMBIAR DIRECCIÓN",
    "Credit / Debit / ATM Card":"Tarjeta de crédito / débito / cajero automático",
    "Net Banking":"Banca neta",
    "Cash On Delivery":"Pago contra entrega",
    "EMI (Easy Installment)":"EMI (instalación sencilla)",
    "Gift Card":"Tarjeta de regalo",
    "ACCOUNT":"Cuenta",
    "Sign Out":"Desconectar",
    "Do you really want to sign out from your Account?":"¿Realmente quieres cerrar sesión en tu cuenta?",
    "Cancel":"Cancelar",
    "Sure":"Por supuesto",
    "Clear History":"Borrar historial",
    "This permanently deletes your browse, search history from this device.":"Esto borra permanentemente su búsqueda, historial de búsqueda desde este dispositivo.",
    "Clear":"Claro",
    "My Orders":"Mis ordenes",
    "My Wallet":"Mi billetera",
    "My Addresses":"Mis direcciones",
    "My Coupons":"Mis cupones",
    "Rate the App":"Califica la aplicación",
    "Account settings":"Configuraciones de la cuenta",
    "WISH LIST":"Lista de deseos",
    "Wish list is Empty..!!":"La lista de deseos está vacía .. !!",
    "CONTINUE SHOPPING":"SEGUIR COMPRANDO",
    "Sort By":"Ordenar por",
    "Filter":"Filtrar",
    "Done":"Hecho",
    "Popularity":"Popularidad",
    "Price -- Low to High":"Precios de barato a caro",
    "Price -- High to Low":"Precio - Alto a bajo",
    "Newest First":"El más reciente primero",
    "Number of Orders":"Numero de ordenes",
    "Availability:":"Disponibilidad:",
    "In Stock":"En stock",
    "Size:":"Tamaño:",
    "Color:":"Color:",
    "Color":"Color",
    "Quick Overview:":"Vista rápida:",
    "Details":"Detalles",
    "Product Highlights":"Productos Destacados",
    "More >":"Más>",
    "RATE AND WRITE A REVIEW":"CALIFICA Y ESCRIBE UNA REVISIÓN",
    "ADD TO CART":"AÑADIR A LA CESTA",
    "GO TO CART":"IR AL CARRITO",
    "Go to Cart":"Ir al carrito",
    "BUY NOW":"COMPRA AHORA",
    "MY ORDERS":"Mis ordenes",
    "Gift Cards":"Tarjetas de regalo",
    "Have you recieved a gift card?":"¿Has recibido una tarjeta de regalo?",
    "Add gift card":"Agregar una tarjeta de regalo",
    "Save your Credit / Debit Cards for faster Payments. Your cards are secure with us.":"Guarde sus tarjetas de crédito / débito para pagos más rápidos. Sus tarjetas están seguras con nosotros.",
    "ADD NEW ADDRESS":"Agregar nueva dirección",
    "Add New Address":"Agregar nueva dirección",
    "Name":"Nombre",
    "Pincode":"Código PIN",
    "Landmark":"Punto de referencia",
    "City":"Ciudad",
    "State":"Estado",
    "Save":"Salvar",
    "No Rewards yet..!!":"Sin Recompensas todavía .. !!",
    "First Name":"Nombre de pila",
    "Last Name":"Apellido",
    "Date of Birth":"Fecha de nacimiento",
    "Gender":"Género",
    "Mobile Number":"Número de teléfono móvil",
    "Change Password":"Cambia la contraseña",
    "Deactive Account":"Cuenta de desactivación",
    "Old Password":"Contraseña anterior",
    "Enter Current Password":"Introducir la contraseña actual",
    "New Password":"nueva contraseña",
    "Enter New Password":"Introduzca nueva contraseña",
    "Retype Password":"Vuelva a escribir la contraseña",
    "Retype New Password":"Reescriba nueva contraseña",
    "Enter your Password":"Ingrese su contraseña",
    "CONFIRM DEACTIVATION":"CONFIRMAR LA DESACTIVACIÓN",
    "Updates":"Actualizaciones",
    "No Notification yet":"Sin notificación aún",
    "Simply browse , create a wish list or make a purchase.":"Simplemente navegue, cree una lista de deseos o haga una compra.",
    "REMOVE ALL":"ELIMINAR TODO",
    "DEAL OF THE DAY":"Oferta especial de hoy",
    "MOST POPULAR PRODUCTS":"Productos más populares",
    "SHOP NOW":"Compra ahora",
    "Rate and Review the product based on your Experience.":"Califique y revise el producto según su experiencia.",
    "Delivered":"Entregado",
    "REMOVE":"RETIRAR",
    "EDIT":"EDITAR",
    "Category":"Categoría",
    "Brand":"Marca",
    "Colour":"color",
    "Size":"tamaño",
    "Occasion":"Ocasión",
    "Notification":"Notificación",
    "My Points":"Mis puntos",
    "You have Points":"Usted tiene Puntos",
    "Points":"Puntos",
    "Date":"Fecha",
    "Event":"Evento",
    "No Points Earned":"Sin puntos ganados",
    "Purchase product and earn Points.":"Compre productos y gane puntos.",
    "View":"Ver",
    "Your Order will be deliver soon":"Su pedido será entregado pronto",
    "Email Address":"Dirección de correo electrónico",
    
    "APPLY":"APLICAR",
    "Please enter valid Coupon code":"Por favor, introduzca un código de cupón válido",
    "Have a Coupon?":"¿Tiene un cupón?",
    "Enter Coupon Code":"Introduce el código de cupón",
    "Coupon added successfully to your cart":"Cupón agregado exitosamente a su carrito.",
    "Coupon removed successfully from your cart":"Cupón eliminado con éxito de su carrito",
    
    "Tax":"Impuesto",
    
    "Happy about your purchase! Let your friend know too!":"¡Feliz por tu compra! ¡Hazle saber a tu amigo también!",
    "Share on:":"Compartir en:",
    "There was a problem sharing. Please try again!":"Hubo un problema para compartir ¡Inténtalo de nuevo!",
    "Store Locator":"Localizador de tiendas",
    "STORE LOCATOR":"LOCALIZADOR DE TIENDAS",
    "Twitter is not Installed":"Twitter no está instalado",
    "Facebook Not Installed":"Facebook Not Installed",
    "Your post has been successfully shared.":"Tu publicación ha sido compartida con éxito.",
    "Share App":"Compartir aplicación",
    "BLOG":"BLOG",
    "Read More":"Lee mas",
    "Sale ends in":"Venta termina en",
    "Download":"Descargar",
    "Remaining:":"Restante:",
    "Expire:":"Expirar:",
    "NEXT":"SIGUIENTE",
    "SKIP":"OMITIR",
    "DONE":"HECHO",
    "View Detail":"Ver Detalle",
    "Check":"Comprobar",
    "Enter Your Pincode":"Ingrese su código PIN",
    "Please Enter Valid Pincode":"Por favor ingrese un codigo valido",
    "Pincode should not be blank.":"Pincode no debe estar en blanco.",
    "Delivery Date Help Text":"Texto de ayuda de la fecha de entrega",
    "Cash On Delivery":"Contra reembolso",
    "Not Available":"No disponible",
    "Available":"Disponible",
    "Available at":"Disponible en"
}
