{
    "Product is available to deliver at":"Produkten är tillgänglig för leverans på",
    "Product is not available to deliver at":"Produkten är inte tillgänglig för leverans på",
    
    "OTP is sent again on":"OTP skickas igen på",
    "Verification Code":"Verifierings kod",
    "Please type verification code sent to":"Vänligen skriv verifieringskoden skickad till",
    "Validate OTP":"Validera OTP",
    "Resend OTP":"Skicka om OTP",
    
    "Wishlist":"önskelista",
    "This Combination doesn't exist. Choose another variant.":"Denna kombination finns inte. Välj en annan variant.",
    "No product Available":"Ingen produkt tillgänglig",
    "Simply browse and add item to wishList":"Helt enkelt bläddra och lägg till objekt till önskelista",
    "E-Commerce App":"E-Commerce App",
    "E-Commerce Application template, buy this code template from Codecanyon":"E-Commerce Application template, köp den här kodmallen från Codecanyon",
    "Choose Items":"Välj objekt",
    "Choose item wherever you are with this application to make life easier":"Välj objekt var du än är med den här applikationen för att göra livet enklare",
    "Buy Item":"Köp artikel",
    "Shop from thousand brands in the world from one application at throw away price":"Handla från tusen varumärken i världen från en ansökan till kasta pris",
    "Skip":"Hoppa",
    "Next":"Nästa",
    "Got it":"Jag fattar",
    
    "CHECKOUT":"CHECKA UT",
    "Personal Info":"Personlig information",
    "Address Detail":"Adressdetaljer",
    "Your Order":"Du beställer",
    "Payment Via":"Betalning Via",
    
    "Address":"Adress",
    "Postcode/ZIP":"Postnummer / Zip",
    "Place Order":"Beställa",
    "Choose Country":"Välj land",
    "Choose State":"Välj stat",
    "Ship to a different address?":"Skicka till en annan adress?",
    "Search for Country":"Sök efter land",
   
    "Please Enter First Name":"Vänligen ange förnamn",
    "Please Enter Last Name":"Vänligen ange efternamn",
    "Please Enter Email":"Vänligen skriv in e-post",
    "Please Enter Valid Email":"Vänligen ange giltig e-postadress",
    "Please Enter PhoneNo":"Vänligen skriv in PhoneNo",
    "Please Enter Valid Number":"Vänligen skriv in Giltigt nummer",
    "Please Select Country First":"Vänligen välj land först",
    "Please Select Country":"Vänligen välj Land",
    "Please Enter Address":"Vänligen skriv in Adress",
    "Please Enter City":"Vänligen skriv in stad",
    "Please Enter State":"Vänligen ange stat",
    "Please Enter PostalCode":"Vänligen skriv postkod",
    "Please Enter Valid PostalCode":"Please Enter Valid PostalCode",
    "Please Select First Country In Different Address":"Vänligen välj första land i olika adress",
    "Please Select Country In Different Address":"Välj land i annan adress",
    "Please Enter Address In Different Address":"Vänligen ange adress i annan adress",
    "Please Enter City In Different Address":"Vänligen skriv in stad i annan adress",
    "Please Enter State In Different Address":"Vänligen ange stat i annan adress",
    "Please Enter PostalCode":"Vänligen skriv postkod",
    "Please Enter Valid PostalCode":"Vänligen skriv in Giltigt postkod",
    
    "Invalid Contact Number":"Ogiltigt kontaktnummer",
    "Search List is empty":"Söklistan är tom",
    "Browse our store and take a look at other items to buy.":"Bläddra i vår butik och ta en titt på andra artiklar att köpa.",
    
    "Choose Language":"Välj språk",
    "No Order yet":"Ingen beställning än",
    "Info:":"Info:",
    "WhatsApp is not installed on your device.":"WhatsApp är inte installerat på din enhet.",
    "Type your message.":"Skriv ditt meddelande.",

    "ALL REVIEWS":"Alla recensioner",
    "Related Product":"Relaterad produkt",
    "Selected Product":"Vald produkt",
    "Recently Added Product":"Nyligen tillagda produkt",
    
    "Only":"Endast",
    "quantity is available.":"kvantitet är tillgänglig.",

    "On":"På",
    "Order Id":"Beställnings-ID",
    "was placed on":"placerades på",
    "and is currently":"och är för närvarande",
    "© CiyaShop 2018 | All Rights Reserved":"© CiyaShop 2019 | Alla rättigheter förbehållna.",
    "Camera":"Kamera",
    "Gallery":"Galleri",
    "Coupon Code is Copied to your Clipboard":"Kupongkoden kopieras till ditt urklipp",
    "Item Added to your Wish List.":"Artikel tillagd till din önskelista.",
    "Item Removed From your Wish List.":"Föremål som tagits bort från din önskelista ..",
    "Item isnot Removed From your Wish List.":"Artikeln är inte borttagen från din önskelista.",
    "No Notification yet":"Ingen anmälan ännu",
    "Simply browse , create a wish list or make a purchase.":"Bläddra helt enkelt, skapa en önskelista eller köp.",
    "GOOGLE+":"GOOGLE +",
    "FACEBOOK":"FACEBOOK",


    "Tracking number is":"Spårningsnummer är",
    "Choose Currency":"Välj valuta",
    "Setting":"Miljö",
    "Permission for Notification denied. Please Allow from Settings.":"Tillstånd till anmälan nekad. Vänligen tillåt från inställningar.",
    "Or sign up with":"Eller anmäl dig med",
    "Your review is awaiting approval":"Din recension väntar på godkännande",
    "Add Star Rating":"Lägg till stjärnklassificering",
    "Enter Comment":"Ange kommentar",
    "Enter Name":"Skriv namn",
    "Comment":"Kommentar",
    "SUBMIT":"LÄMNA",
    "Review":"Recension",
    "Rate Product":"Betygsätt produkt",
    "Coupon Code":"kupongskod",
    "Scratch here to get coupon Code.":"Skrapa här för att få kupongkod.",
    "No Product Found":"Ingen produkt hittades",
    "Seller Information:":"Säljarinformation:",
    "Sold By":"Såld av",
    "Contact Seller":"Kontakta säljaren",
    "View Store":"Visa butik",
    "Other Products from this Vendor":"Andra produkter från denna säljare",
    "Reviews for this Vendor":"Recensioner för denna leverantör",

    "Reviews are not allowed for this Product":"Recensioner är inte tillåtna för denna produkt",
    "Please Enter Username":"Vänligen ange användarnamn",
    "Enter Email address":"Skriv in epostadress",
    "Enter Proper Email Address":"Ange korrekt e-postadress",
    "Enter Your Contact Number":"Ange ditt kontaktnummer",
    "Enter Password":"Skriv in lösenord",
    "Enter Confirm Password":"Ange Bekräfta lösenord",
    "Password and Confirm Password Does not match":"Lösenord och Bekräfta lösenord matchar inte",
    "Your Password Updated Successfully":"Ditt lösenord uppdateras framgångsrikt",
    "Your Email address or password is not correct":"Din e-postadress eller ditt lösenord är inte korrekt",
    "Enter Pin that we have sent you in your Registered Email Address":"Ange Pin som vi har skickat dig till din Registrerade e-postadress",
    "Entered PIN is not Correct":"Inmatad PIN-kod är inte korrekt",
    "Enter your New Password":"Ange ditt nya lösenord",
    "Enter New Password to Confirm":"Ange nytt lösenord för att bekräfta",
    "Provide Email Id to your Facebook account":"Ange e-postadress till ditt Facebook-konto",
    "Provide Email Id to your Google account":"Ange e-postadress till ditt Google-konto",
    "We do not found your Email Id":"Vi hittade inte ditt e-post-ID",
    "Your Account is deactivated successfully":"Ditt konto är inaktiverat med framgång",
    "Message Sent":"Meddelande skickat",
    "Enter your name":"Ange ditt namn",
    "Enter Subject":"Ange ämne",
    "Please Enter Message":"Vänligen skriv meddelande",
    "Password Changed Successfully":"Lösenordet har ändrats",
    "Enter Valid Email Address":"Ange giltig e-postadress",
    "Enter your Current Password":"Skriv in ditt nuvarande lösenord",
    "Please check internet connection and try again":"Kontrollera internetanslutning och försök igen",
    "Address Updated Successfully":"Adress uppdaterad framgångsrikt",
    "Login first to set your profile picture":"Logga in först för att ställa in din profilbild",
    "Information Updated Successfully":"Information uppdaterad framgångsrikt",
    "Something Went Wrong":"Något gick fel",
    "Item Added to Your Cart Successfully":"Föremål som lagts till i varukorgen",
    "Please Go to Cart for Checkout":"Var god gå till kundvagnen för kassan",
    "Clear Filter":"Rensa filtret",
    "THANK YOU":"TACK",
    "Your Order is Placed Successfully.":"Din beställning placeras framgångsrikt.",
    "You will notify in few Moments.":"Du kommer att meddela om några ögonblick.",
    "6 Reasons Why You'll love Shopping with us":"6 Anledningar till varför du kommer att älska att shoppa med oss",
    "Version":"Version",
    "More about us":"Mer om oss",
    "Follow Us":"Följ oss",
    "SEND":"SKICKA",
    "Subject":"Ämne",
    "Message":"Meddelande",
    "items":"objekt",
    "SET NEW PASSWORD":"Ange NYT LÖSENORD",
    "Confirm New Password":"Bekräfta nytt lösenord",
    "Now you can Enter new password.":"Nu kan du ange nytt lösenord.",
    "Enter PIN":"Ange PIN-kod",
    "Enter PIN that we have sent you in your registered Email address.":"Ange PIN-kod som vi har skickat till dig i din registrerade e-postadress.",
    "Login":"Logga in",
    "No Any Product Available":"Ingen produkt tillgänglig",
    "Browse some Other Item":"Bläddra bland annat objekt",
    "Cart is Empty":"Varukorgen är tom",
    "Simply browse and add item to cart.":"Bläddra bland och lägg till objekt i kundvagnen.",
    "ADD BILLING ADDRESS":"ADD BILLING ADRESS",
    "ADD SHIPPING ADDRESS":"ADD SHIPPING ADRESS",
    "ADD":"LÄGG TILL",
    "Please Add Address":"Vänligen lägg till Adress",
    "SAVED ADDRESSES":"SPARADE ADRESSER",
    "CANCEL ORDER":"AVBRYT BESTÄLLNING",
    "Order":"Beställa",
    "Order Detail":"Beställningsdetalj",
    "Product":"Produkt",
    "Total":"Total",
    "Subtotal":"Delsumma",
    "Shipping":"Frakt",
    "Payment Method":"Betalningsmetod",
    "Customer Detail":"Kunddetalj",
    "Email":"E-post",
    "Phone":"Telefon",
    "Billing Address":"Fakturaadress",
    "Shipping Address":"leveransadress",
    "Terms of Use":"Villkor",
    "Terms & Conditions":"regler & villkor",
    "Privacy Policy":"Integritetspolicy",
    "Contact Us":"Kontakta oss",
    "About Us":"Om oss",
    "Company":"Företag",
    "Address1":"Adress 1",
    "Address2":"Adress 2",
    "Country":"Land",
    "Search":"Sök",
    "Rating":"Betyg",
    "RECENTLY VIEWED PRODUCTS":"Nyligen visade produkter",
    "Order is Failed":"Beställningen misslyckades",
    "You are refunded for this order":"Du återbetalas för denna beställning",
    "Order is Cancelled":"Beställningen är Avbeställd",
    "Order is On-Hold":"Order är på-håll",
    "Order is Under Processing":"Beställningen är under bearbetning",
    "Order is in Pending State":"Beställningen är i väntande stat",
    "Delivered Soon":"Levereras snart",
    "DESCRIPTION":"BESKRIVNING",
    "Out of Stock":"Slut i lager",
    "SOFA":"SOFFA",
    "BED":"SÄNG",
    "CHAIR":"STOL",
    "DINING":"DINING",
    "Sofa":"Soffa",
    "Chair":"Stol",
    "Bed":"Säng",
    "Offers":"Erbjudanden",
    "Gift & Cards":"Presentkort",
    "Electronics":"Elektronik",
    "Home and Furniture":"Hem och Möbler",
    "Offers for You":"Erbjudanden för dig",
    "Fashion":"Mode",
    "Gift for love":"Gåva för kärlek",
    "TVs & Appliances":"TV och apparater",
    "Books & More":"Böcker och mer",
    "Stores":"butiker",
    "Mobile":"Mobil",
    "Television":"Tv",
    "Audio & Video":"Ljud video",
    "Laptops":"bärbara datorer",
    "Desktop PCs":"Stationära datorer",
    "Tablets":"tabletter",
    "Go":"Gå",
    "Hot offer":"Varmt erbjudande",
    "My Cart":"Min vagn",
    "Home":"Hem",
    "Account":"konto",
    "Wish List":"Önskelista",
    "Welcome":"Välkommen",
    "SIGN IN":"LOGGA IN",
    "SIGN UP":"BLI MEDLEM",
    "Shop Unlimited":"Shop Obegränsat",
    "Sign up now and get upto 15 % discount on all of our products. Offer is valid for a very sort time.":"Registrera dig nu och få upp till 15% rabatt på alla våra produkter. Erbjudandet gäller för en mycket tid.",
    "Username":"Användarnamn",
    "E-mail":"E-post",
    "Contact Number":"Kontaktnummer",
    "Password":"Lösenord",
    "Confirm Password":"Bekräfta lösenord",
    "Already have an account?":"Har du redan ett konto?",
    "Sign In Now":"Logga in nu",
    "Sign Up Now":"Anmäl dig nu",
    "SIGN UP WITH FACEBOOK":"REGISTRERA DIG MED FACEBOOK",
    "SIGN UP WITH GOOGLE+":"SKAPA MED GOOGLE +",
    "SIGN UP WITH EMAIL":"SKAPA MED E-POST",
    "Welcome Back":"Välkommen tillbaka",
    "All new collection of cloths for men's, women's and kid's. Explore now!":"Alla nya samlingar av tyg för män, kvinnor och barn. Utforska nu!",
    "Username or Email ID":"Användarnamn eller E-post-ID",
    "Forgot Password?":"Glömt ditt lösenord?",
    "New User? Register Now":"Ny användare? Registrera nu",
    "OR":"ELLER",
    "Reset your world":"Återställ ditt lösenord",
    "It's often forgotten that password thing. Enter your email address below and click on the 'Request Password Reset' button. We will contact you shortly!":"ERROR",
    "Email ID":"E-post ID",
    "REQUEST PASSWORD RESET":"REQUEST PASSWORD RESET",
    "Search for products":"Sök efter produkter",
    "OFFER BY CATEGORIES":"ERBJUDANDE PER KATEGORIER",
    "View All":"Visa alla",
    "SHOP WOMEN":"SHOP KVINNOR",
    "SHOP MEN":"SHOP MEN",
    "SHOP KID'S":"SHOP KID'S",
    "SHOP APPLE'S":"SHOP APPLE'S",
    "WOMEN'S":"KVINNO-",
    "MEN'S":"HERR",
    "KID’S":"BARN",
    "APPLE'S":"APPLES",
    "Boots":"stövlar",
    "Formals":"formaler",
    "Sports":"sporter",
    "Sneakers":"gymnastikskor",
    "Sandles":"sandles",
    "More..":"Mer..",
    "CART":"Vagn",
    "Payments:":"betalningar:",
    "Price Details:":"Prisdetaljer:",
    "Price":"Pris",
    "Delivery":"Leverans",
    "Amount Payable":"Betalningsbelopp",
    "View price details":"Visa prisuppgifter",
    "CONTINUE":"FORTSÄTTA",
    "Phone Number":"Telefonnummer",
    "Address":"Adress",
    "CHANGE ADDRESS":"ÄNDRA ADRESS",
    "Credit / Debit / ATM Card":"Kredit / Debet / ATM-kort",
    "Net Banking":"Netbanking",
    "Cash On Delivery":"Postförskott",
    "EMI (Easy Installment)":"EMI (enkel avbetalning)",
    "Gift Card":"Present kort",
    "ACCOUNT":"konto",
    "Sign Out":"Logga ut",
    "Do you really want to sign out from your Account?":"Vill du verkligen logga ut från ditt konto?",
    "Cancel":"Annullera",
    "Sure":"Säker",
    "Clear History":"Rensa historik",
    "This permanently deletes your browse, search history from this device.":"Detta tar bort din sökhistorik från den här enheten permanent.",
    "Clear":"Klar",
    "My Orders":"Mina beställningar",
    "My Wallet":"Min plånbok",
    "My Addresses":"Mina adresser",
    "My Coupons":"Mina kuponger",
    "Rate the App":"Betygsätt App",
    "Account settings":"Kontoinställningar",
    "WISH LIST":"Önskelista",
    "Wish list is Empty..!!":"Önskelistan är tom .. !!",
    "CONTINUE SHOPPING":"FORTSÄTT HANDLA",
    "Sort By":"Sortera efter",
    "Filter":"Filtrera",
    "Done":"Gjort",
    "Popularity":"Popularitet",
    "Price -- Low to High":"Pris - Lågt till Högt",
    "Price -- High to Low":"Pris - Hög till Låg",
    "Newest First":"Nyaste först",
    "Number of Orders":"Antal order",
    "Availability:":"Tillgänglighet:",
    "In Stock":"I lager",
    "Size:":"Storlek:",
    "Color:":"Färg:",
    "Color":"Färg",
    "Quick Overview:":"Snabb överblick:",
    "Details":"detaljer",
    "Product Highlights":"Produkthöjdpunkter",
    "More >":"Mer>",
    "RATE AND WRITE A REVIEW":"BETALA OCH SKRIVA EN REVISION",
    "ADD TO CART":"LÄGG TILL I KUNDVAGN",
    "GO TO CART":"Gå till kundvagnen",
    "Go to Cart":"Gå till kundvagnen",
    "BUY NOW":"KÖP NU",
    "MY ORDERS":"Mina beställningar",
    "Gift Cards":"Presentkort",
    "Have you recieved a gift card?":"Har du fått ett presentkort?",
    "Add gift card":"Lägg till presentkort",
    "Save your Credit / Debit Cards for faster Payments. Your cards are secure with us.":"Spara dina kredit- / betalkort för snabbare betalningar. Dina kort är säkra med oss.",
    "ADD NEW ADDRESS":"Lägg till ny adress",
    "Add New Address":"Lägg till ny adress",
    "Name":"namn",
    "Pincode":"Pinkod",
    "Landmark":"Landmärke",
    "City":"Stad",
    "State":"stat",
    "Save":"Spara",
    "No Rewards yet..!!":"Inga belöningar än .. !!",
    "First Name":"Förnamn",
    "Last Name":"Efternamn",
    "Date of Birth":"Födelsedatum",
    "Gender":"Kön",
    "Mobile Number":"Mobilnummer",
    "Change Password":"Ändra lösenord",
    "Deactive Account":"Inaktivt konto",
    "Old Password":"Gammalt lösenord",
    "Enter Current Password":"Ange aktuellt lösenord",
    "New Password":"nytt lösenord",
    "Enter New Password":"Ange nytt lösenord",
    "Retype Password":"Skriv in lösenord igen",
    "Retype New Password":"Skriv in nytt lösenord",
    "Enter your Password":"Ange ditt lösenord",
    "CONFIRM DEACTIVATION":"BEKRÄFTA DEAKTIVERING",
    "Updates":"uppdateringar",
    "No Notification yet":"Ingen anmälan ännu",
    "Simply browse , create a wish list or make a purchase.":"Bläddra helt enkelt, skapa en önskelista eller köp.",
    "REMOVE ALL":"TA BORT ALLA",
    "DEAL OF THE DAY":"Dagens Special Deal",
    "MOST POPULAR PRODUCTS":"Mest populära produkterna",
    "SHOP NOW":"Shoppa nu",
    "Rate and Review the product based on your Experience.":"Betygsätt och granska produkten baserat på din erfarenhet.",
    "Delivered":"levereras",
    "REMOVE":"AVLÄGSNA",
    "EDIT":"REDIGERA",
    "Category":"Kategori",
    "Brand":"varumärke",
    "Colour":"Färg",
    "Size":"Storlek",
    "Occasion":"Tillfälle",
    "Notification":"Underrättelse",
    "My Points":"Mina poäng",
    "You have Points":"Du har poäng",
    "Points":"Points",
    "Date":"Datum",
    "Event":"Händelse",
    "No Points Earned":"Inga poäng uppnådda",
    "Purchase product and earn Points.":"Köp produkt och tjäna poäng.",
    "View":"Se",
    "Your Order will be deliver soon":"Din beställning kommer att levereras snart",
    "Email Address":"E-postadress",
    
    "APPLY":"TILLÄMPA",
    "Please enter valid Coupon code":"Vänligen ange giltig kupongkod",
    "Have a Coupon?":"Har du en kupong?",
    "Enter Coupon Code":"Ange kupongkoden",
    "Coupon added successfully to your cart":"Kupongen har lagts till framgångsrikt i din kundvagn",
    "Coupon removed successfully from your cart":"Kupongen har tagits bort från din kundvagn",
    
    "Tax":"Beskatta",
    
    "Happy about your purchase! Let your friend know too!":"Gott om ditt köp! Låt din vän veta det också!",
    "Share on:":"Dela på:",
    "There was a problem sharing. Please try again!":"Det uppstod problemdelning. Var god försök igen!",
    "Store Locator":"Butikssökare",
    "STORE LOCATOR":"BUTIKSSÖKARE",
    "Twitter is not Installed":"Twitter är inte installerat",
    "Facebook Not Installed":"Facebook inte installerad",
    "Your post has been successfully shared.":"Ditt inlägg har delats med framgång.",
    "Share App":"Dela app",
    "BLOG":"BLOGG",
    "Read More":"Läs mer",
    "Sale ends in":"Försäljningen slutar i",
    "Download":"Ladda ner",
    "Remaining:":"Återstående:",
    "Expire:":"Upphöra:",
    "NEXT":"NÄSTA",
    "SKIP":"HOPPA",
    "DONE":"GJORT",
    "View Detail":"Visa detaljer",
    "Check":"Kontrollera",
    "Enter Your Pincode":"Ange din Pincode",
    "Please Enter Valid Pincode":"Vänligen ange giltig Pincode",
    "Pincode should not be blank.":"Pincode ska inte vara tom.",
    "Delivery Date Help Text":"Leveransdatum Hjälptext",
    "Cash On Delivery":"Postförskott",
    "Not Available":"Inte tillgänglig",
    "Available":"Tillgängliga",
    "Available at":"Tillgänglig på"
}
